id,first_name,last_name,email,gender,Creditos_septiembre,Creditos_octubre,Creditos_noviembre,Creditos_diciembre,Creditos_enero,Creditos_febrero,Creditos_marzo,Creditos_abril,Creditos_mayo,Creditos_junio
1,Aarika,Lamberteschi,alamberteschi0@va.gov,Female,554,531,473,134,365,234,381,338,534,164
2,Laurette,Osborne,losborne1@senate.gov,Female,78,407,114,560,109,358,362,88,411,242
3,Jamal,Vannar,jvannar2@imageshack.us,Genderfluid,401,246,127,222,269,526,576,513,557,479
4,Natalya,Blancowe,nblancowe3@paginegialle.it,Female,40,433,44,502,66,568,63,394,271,268
5,Mavis,Wyett,mwyett4@nbcnews.com,Female,294,107,458,241,250,439,559,240,212,182
6,Addison,Akaster,aakaster5@booking.com,Male,412,487,528,104,428,115,375,386,354,385
7,Casper,Ghelardoni,cghelardoni6@opera.com,Male,161,331,403,248,154,100,216,115,280,401
8,Curry,Doe,cdoe7@jalbum.net,Male,205,78,397,267,181,56,452,119,201,135
9,Abe,Bartrum,abartrum8@opensource.org,Male,336,501,221,576,274,383,299,213,94,262
10,Neddy,Gartin,ngartin9@gizmodo.com,Male,86,392,147,39,153,252,231,90,359,495
11,Cody,Lockhurst,clockhursta@arstechnica.com,Male,212,179,519,312,535,557,416,563,364,535
12,Grayce,Banker,gbankerb@gov.uk,Female,255,117,262,419,201,273,308,434,453,132
13,Thia,Ratlee,tratleec@soup.io,Female,171,490,431,38,520,525,72,249,129,111
14,Leodora,Neilson,lneilsond@tumblr.com,Female,140,527,174,397,311,451,106,150,113,137
15,Bron,Gromley,bgromleye@go.com,Male,67,530,546,241,303,436,147,531,508,159
16,Lacee,Augur,laugurf@cbc.ca,Female,451,14,156,419,285,509,440,311,458,343
17,Cynde,Daysh,cdayshg@slate.com,Female,343,570,138,115,195,305,393,388,234,534
18,Jamil,Bogace,jbogaceh@fotki.com,Male,346,461,341,277,330,546,67,293,308,341
19,Anabel,Coy,acoyi@google.fr,Female,215,399,46,273,346,524,391,67,506,523
20,Kaile,MacGuigan,kmacguiganj@infoseek.co.jp,Female,487,545,537,526,209,294,239,162,413,225
21,Ulysses,Blose,ublosek@themeforest.net,Male,205,250,356,279,393,281,113,128,188,112
22,Krystle,Chaikovski,kchaikovskil@twitpic.com,Female,198,63,570,382,472,224,55,353,553,107
23,Sholom,Petrik,spetrikm@qq.com,Male,135,3,139,87,570,280,180,503,219,263
24,Elsa,Harms,eharmsn@hud.gov,Female,529,379,376,463,81,100,506,391,566,437
25,Bathsheba,Jouanet,bjouaneto@people.com.cn,Female,166,337,167,245,329,563,299,159,154,101
26,Gretal,Tanner,gtannerp@walmart.com,Female,449,78,34,329,325,74,86,138,386,340
27,Nikolai,Andretti,nandrettiq@artisteer.com,Male,78,355,432,184,544,553,284,546,135,440
28,Trefor,Watson-Brown,twatsonbrownr@mac.com,Male,272,47,187,243,188,564,363,260,367,374
29,Igor,Nelles,inelless@boston.com,Male,156,408,200,186,232,529,519,397,579,383
30,Alayne,Wealthall,awealthallt@shareasale.com,Female,224,204,173,63,139,183,77,487,549,309
31,Moyna,Bentz,mbentzu@studiopress.com,Female,234,8,36,473,234,537,325,580,534,179
32,Waylen,Harnell,wharnellv@ning.com,Male,85,158,379,440,124,247,266,95,183,362
33,Hadrian,Mont,hmontw@examiner.com,Male,417,2,548,288,420,344,294,229,428,398
34,Helen,Bedell,hbedellx@booking.com,Female,109,73,312,83,537,426,378,199,432,325
35,Christopher,Bohea,cboheay@businesswire.com,Non-binary,559,465,558,242,171,203,419,378,212,177
36,Valle,Kopisch,vkopischz@nps.gov,Male,222,531,423,451,338,166,203,542,457,421
37,Ellynn,Lomond,elomond10@soundcloud.com,Female,268,421,268,429,204,468,78,535,199,203
38,King,Verbeek,kverbeek11@nydailynews.com,Male,495,521,264,480,46,450,322,179,343,361
39,Nat,Niesegen,nniesegen12@joomla.org,Bigender,248,570,306,130,493,392,246,239,169,241
40,Ardys,Stinchcombe,astinchcombe13@thetimes.co.uk,Female,268,222,169,280,245,327,89,69,146,266
41,Seline,Grovier,sgrovier14@spotify.com,Female,221,18,524,149,312,419,132,494,184,461
42,Rafe,Kenward,rkenward15@google.ru,Male,356,577,24,285,521,233,193,67,541,395
43,Elias,Rhucroft,erhucroft16@4shared.com,Male,472,530,100,116,297,437,67,160,179,307
44,Gillie,Menere,gmenere17@macromedia.com,Female,552,169,236,183,579,128,325,476,434,398
45,Edithe,Cracie,ecracie18@rediff.com,Female,147,15,132,36,540,377,540,332,453,115
46,Erhard,Himpson,ehimpson19@vimeo.com,Male,80,37,82,303,122,293,510,142,440,202
47,Barbie,McGovern,bmcgovern1a@imgur.com,Female,122,127,282,104,357,458,294,92,405,227
48,Brandtr,Lidell,blidell1b@homestead.com,Male,435,556,149,423,296,321,563,75,142,126
49,Alena,Edmed,aedmed1c@theguardian.com,Female,118,329,328,280,224,204,308,433,385,129
50,Alfi,Ord,aord1d@list-manage.com,Female,42,268,565,144,312,76,388,547,389,555
51,Carce,Morgan,cmorgan1e@xing.com,Male,445,313,484,39,393,76,214,460,402,514
52,Worthy,Elcoux,welcoux1f@goo.ne.jp,Male,348,393,187,390,358,568,142,72,110,569
53,Sarena,Lecordier,slecordier1g@privacy.gov.au,Female,385,518,471,43,449,130,126,273,250,509
54,Levon,Imos,limos1h@craigslist.org,Male,186,86,308,263,273,160,403,280,124,454
55,Blane,Bartoszewicz,bbartoszewicz1i@e-recht24.de,Male,69,579,308,242,303,434,344,308,214,350
56,Sioux,Standish-Brooks,sstandishbrooks1j@slashdot.org,Female,519,552,11,491,294,541,402,479,79,136
57,Chance,Fortey,cfortey1k@google.de,Male,322,138,102,309,472,64,253,411,169,401
58,Brandea,Scorey,bscorey1l@springer.com,Female,496,349,164,362,188,516,480,169,568,436
59,Granny,Raoult,graoult1m@lulu.com,Male,377,303,561,390,298,534,484,404,476,351
60,Harriot,Oldroyde,holdroyde1n@reverbnation.com,Female,413,67,329,562,144,412,483,428,193,343
61,Melly,Dymidowicz,mdymidowicz1o@ed.gov,Female,298,520,103,546,424,179,129,574,535,469
62,Michaella,Trillow,mtrillow1p@utexas.edu,Female,210,70,496,522,379,294,140,111,162,498
63,Shanna,Duncanson,sduncanson1q@biblegateway.com,Polygender,355,455,474,541,319,362,214,209,291,204
64,Cyndi,Barby,cbarby1r@netscape.com,Female,445,576,273,225,285,384,124,380,249,356
65,Hadlee,Berkelay,hberkelay1s@domainmarket.com,Male,195,534,254,320,397,322,479,499,184,497
66,Lincoln,Scheu,lscheu1t@tiny.cc,Male,155,263,571,261,576,480,398,92,558,519
67,Chlo,Sabben,csabben1u@deviantart.com,Female,129,381,528,289,173,322,335,450,127,428
68,Jorge,Geke,jgeke1v@privacy.gov.au,Male,137,422,488,241,197,264,425,457,70,390
69,Mata,Nossent,mnossent1w@yandex.ru,Male,193,401,72,362,412,91,304,442,119,397
70,Candice,Burnep,cburnep1x@networksolutions.com,Female,216,328,288,338,278,502,447,258,543,122
71,Cinnamon,Waddams,cwaddams1y@exblog.jp,Female,427,304,429,484,340,521,208,347,330,152
72,Katleen,Reast,kreast1z@ibm.com,Female,527,506,461,293,133,382,470,561,476,222
73,Sophey,Graveson,sgraveson20@yahoo.com,Female,167,85,508,107,421,490,85,155,387,279
74,Brittne,Alanbrooke,balanbrooke21@kickstarter.com,Female,53,364,292,384,169,492,564,487,153,228
75,Hayes,Keggins,hkeggins22@de.vu,Male,412,95,20,289,227,419,185,367,268,389
76,Jasun,Farndon,jfarndon23@oracle.com,Male,471,526,262,420,82,219,423,356,562,306
77,Lindy,Belhomme,lbelhomme24@prweb.com,Male,89,209,513,327,328,158,292,376,493,450
78,Rocky,Filochov,rfilochov25@vk.com,Male,325,106,374,485,349,186,526,391,191,149
79,Konrad,Moakler,kmoakler26@rambler.ru,Male,352,142,17,419,199,46,264,574,204,580
80,Cesya,MacGillicuddy,cmacgillicuddy27@topsy.com,Female,167,14,530,167,208,183,391,375,478,511
81,Crichton,Kasper,ckasper28@cam.ac.uk,Male,94,257,15,469,160,570,121,80,299,139
82,Crissy,Churm,cchurm29@yelp.com,Polygender,201,155,110,368,560,64,206,202,393,240
83,Reece,Kettlesting,rkettlesting2a@fema.gov,Male,277,298,181,383,390,433,445,274,194,469
84,Honoria,Lodford,hlodford2b@quantcast.com,Bigender,390,359,486,133,164,498,130,279,454,162
85,Valina,Treadaway,vtreadaway2c@stanford.edu,Female,531,106,218,341,492,473,482,463,291,342
86,Rasia,Huston,rhuston2d@nydailynews.com,Female,507,179,454,416,183,297,439,336,487,397
87,Joel,Grimmer,jgrimmer2e@cdc.gov,Genderqueer,477,329,39,91,525,141,88,271,173,512
88,Lenka,Balthasar,lbalthasar2f@jugem.jp,Female,538,235,99,228,337,373,542,101,429,261
89,Agace,Trevallion,atrevallion2g@sfgate.com,Female,238,32,386,291,567,260,78,239,402,372
90,Meir,Nasey,mnasey2h@go.com,Male,276,392,316,393,467,553,478,397,294,177
91,Wendye,Cawdery,wcawdery2i@mozilla.org,Female,522,380,208,491,31,528,129,403,249,324
92,Barn,Hassell,bhassell2j@usnews.com,Male,364,18,100,52,413,195,474,236,571,450
93,Kenton,Edwardson,kedwardson2k@theatlantic.com,Male,250,565,238,251,367,164,566,240,398,576
94,Arvie,Vinck,avinck2l@sciencedaily.com,Male,576,530,210,484,91,151,240,196,153,358
95,Celinda,Sherel,csherel2m@ustream.tv,Female,436,283,313,100,417,472,354,332,491,461
96,Killie,McCutcheon,kmccutcheon2n@cafepress.com,Male,189,363,469,221,136,371,210,79,423,126
97,Brenna,Mounsey,bmounsey2o@google.pl,Female,6,578,533,102,514,255,94,525,211,480
98,Annalee,Fearnsides,afearnsides2p@digg.com,Non-binary,440,300,19,240,66,196,223,557,149,314
99,Netty,Haliburton,nhaliburton2q@bravesites.com,Female,104,535,511,105,41,204,165,457,529,300
100,Agna,Josskovitz,ajosskovitz2r@so-net.ne.jp,Female,445,440,388,152,519,166,321,523,279,511
101,Jakie,Guirau,jguirau2s@nbcnews.com,Male,325,569,285,427,345,187,299,382,563,471
102,Daveen,Farre,dfarre2t@sciencedirect.com,Female,315,356,355,521,349,492,122,491,204,258
103,Janie,Feragh,jferagh2u@a8.net,Female,237,89,377,31,250,428,243,518,362,267
104,Jaimie,Mattam,jmattam2v@umn.edu,Female,152,444,214,565,99,105,125,111,466,420
105,Phylys,Bart,pbart2w@irs.gov,Female,62,242,273,479,66,72,190,519,300,235
106,Cart,Mulcahy,cmulcahy2x@youku.com,Male,321,436,260,256,39,110,564,355,149,352
107,Kane,Curdell,kcurdell2y@geocities.com,Male,433,561,453,234,558,371,176,174,218,433
108,Reginauld,Vedeneev,rvedeneev2z@pcworld.com,Male,96,42,89,362,572,578,144,440,576,514
109,Bird,Eric,beric30@yellowbook.com,Female,320,152,447,578,490,575,219,148,411,244
110,Sigmund,Shadfourth,sshadfourth31@nps.gov,Male,137,511,519,505,494,68,462,324,147,362
111,Thomasa,Canadas,tcanadas32@irs.gov,Female,172,151,402,261,482,293,537,510,321,522
112,Lionello,Durdy,ldurdy33@smugmug.com,Genderfluid,60,120,136,160,216,519,415,106,526,179
113,Ab,Walworth,awalworth34@psu.edu,Male,510,403,23,444,377,402,426,387,122,383
114,Eleonore,Beeston,ebeeston35@seattletimes.com,Female,123,182,456,529,224,158,298,189,303,313
115,Fayth,Matusovsky,fmatusovsky36@quantcast.com,Female,149,557,133,373,314,223,461,574,495,142
116,Jacquenette,Bremner,jbremner37@bizjournals.com,Female,227,452,96,58,35,100,441,182,305,551
117,Lenci,Bussens,lbussens38@jigsy.com,Male,345,299,213,70,264,326,494,154,195,339
118,Jessie,Tapson,jtapson39@npr.org,Female,88,442,269,406,209,460,348,79,172,301
119,Hugues,Bougen,hbougen3a@wiley.com,Male,276,83,83,45,134,271,62,506,64,383
120,Jodie,D'Cruze,jdcruze3b@sohu.com,Male,391,405,278,580,338,209,372,327,297,262
121,Arlyne,Verick,averick3c@linkedin.com,Female,181,502,101,336,79,146,298,210,295,134
122,Chrystel,Dumphries,cdumphries3d@house.gov,Female,406,92,499,399,390,369,447,192,555,307
123,Simone,Gallimore,sgallimore3e@mozilla.com,Male,543,425,410,93,196,252,459,152,142,452
124,Royal,D'Aeth,rdaeth3f@networkadvertising.org,Male,220,145,270,160,481,486,268,150,580,477
125,Fleurette,Brunini,fbrunini3g@blog.com,Agender,437,491,166,303,58,573,146,120,356,499
126,Creighton,Vasiliev,cvasiliev3h@stumbleupon.com,Male,69,284,38,60,145,335,244,294,573,302
127,Malissia,McFater,mmcfater3i@eventbrite.com,Female,63,432,192,331,311,55,405,226,204,433
128,David,Kenvin,dkenvin3j@imageshack.us,Male,3,324,497,300,440,282,283,369,254,478
129,Lemmy,Sarah,lsarah3k@craigslist.org,Male,152,539,194,148,154,205,391,391,359,191
130,Meaghan,Beccero,mbeccero3l@soundcloud.com,Polygender,223,466,281,578,349,368,403,420,323,538
131,Ernest,Fancett,efancett3m@lulu.com,Male,540,563,98,452,231,135,254,317,168,413
132,Bobbee,Isham,bisham3n@yale.edu,Female,70,416,436,396,227,314,450,303,527,255
133,Jaquelin,Cave,jcave3o@unesco.org,Genderqueer,460,444,290,37,229,333,425,542,152,120
134,Laraine,Moses,lmoses3p@drupal.org,Genderqueer,191,472,46,323,403,82,456,438,226,346
135,Kamillah,McKeowon,kmckeowon3q@wufoo.com,Female,98,198,180,265,202,573,247,283,307,526
136,Felicio,Beacom,fbeacom3r@usgs.gov,Male,554,196,484,40,188,296,234,486,336,551
137,Padgett,Arnison,parnison3s@cloudflare.com,Male,15,51,572,42,447,472,162,493,522,421
138,Madalena,Cowderoy,mcowderoy3t@moonfruit.com,Female,374,499,25,495,147,496,52,504,230,141
139,Husein,Le Frank,hlefrank3u@nifty.com,Male,195,361,530,513,527,245,401,170,545,569
140,Meade,Lawrance,mlawrance3v@twitpic.com,Male,344,467,124,127,432,130,157,283,148,107
141,Tish,Wanjek,twanjek3w@lulu.com,Female,295,411,149,55,378,506,148,433,446,164
142,Abeu,Jersch,ajersch3x@cdbaby.com,Male,323,341,78,564,377,467,398,136,343,395
143,Durward,Redihalgh,dredihalgh3y@wikia.com,Male,269,4,416,189,149,235,389,568,550,261
144,Clarice,Dewberry,cdewberry3z@cocolog-nifty.com,Female,122,578,90,341,453,181,136,417,393,133
145,Robinia,Le Marquand,rlemarquand40@chicagotribune.com,Female,235,318,457,131,358,112,155,271,253,503
146,Kimble,Trenouth,ktrenouth41@xing.com,Male,363,436,79,193,477,524,319,552,183,278
147,Angelia,Barnham,abarnham42@chicagotribune.com,Female,308,309,498,484,547,93,451,345,206,357
148,Nikola,Waters,nwaters43@wikimedia.org,Male,408,454,466,273,537,499,105,565,106,128
149,Beatrisa,Tiron,btiron44@ameblo.jp,Female,201,238,26,350,190,577,167,162,193,565
150,Bat,Bendson,bbendson45@twitter.com,Male,64,397,49,153,369,534,195,466,94,306
151,Van,Joseff,vjoseff46@soup.io,Male,417,259,535,450,456,68,477,529,525,348
152,Ruthann,Mattia,rmattia47@google.it,Female,33,294,124,382,172,506,355,456,456,404
153,Batsheva,Parkey,bparkey48@berkeley.edu,Female,400,104,404,195,80,437,275,573,253,177
154,Pepi,Isworth,pisworth49@homestead.com,Female,183,145,144,533,344,311,148,268,86,253
155,Binni,Juste,bjuste4a@hud.gov,Female,181,268,547,435,525,369,573,374,579,371
156,Alix,Baskwell,abaskwell4b@free.fr,Female,547,499,162,438,182,190,487,456,387,183
157,Dolley,Vedenyapin,dvedenyapin4c@paypal.com,Female,287,419,346,155,122,230,530,165,282,512
158,Lurette,Lanchester,llanchester4d@nsw.gov.au,Female,168,431,99,418,357,91,108,274,556,534
159,Trula,Sorel,tsorel4e@google.it,Female,85,179,408,271,553,403,503,164,334,569
160,Nicol,Burburough,nburburough4f@sciencedirect.com,Male,114,554,218,133,382,90,533,241,186,479
161,Jerrie,Gingle,jgingle4g@unc.edu,Male,236,261,547,325,211,116,299,499,144,384
162,Rosalinde,Sprules,rsprules4h@hud.gov,Female,24,368,197,387,487,575,475,264,335,219
163,Howard,Culleton,hculleton4i@comsenz.com,Male,325,509,341,506,339,494,133,408,215,472
164,Brandie,Lusher,blusher4j@columbia.edu,Female,160,318,153,553,210,404,516,431,504,261
165,Guido,Lovewell,glovewell4k@opera.com,Male,464,175,316,222,219,505,557,451,408,192
166,Barrett,Rishman,brishman4l@merriam-webster.com,Male,375,189,401,148,560,238,555,527,405,566
167,Hyacinthia,Beran,hberan4m@cbc.ca,Female,327,42,501,217,484,404,493,366,357,262
168,Iorgo,Kollaschek,ikollaschek4n@goo.ne.jp,Male,31,509,332,401,499,52,418,446,62,369
169,Conrade,Pantridge,cpantridge4o@google.com.au,Male,102,113,250,351,185,298,121,258,217,342
170,Randal,Spafford,rspafford4p@hao123.com,Male,37,580,251,492,364,72,266,175,196,176
171,Leese,Pyett,lpyett4q@narod.ru,Female,351,437,449,295,458,354,56,73,85,506
172,Fiann,Trethewey,ftrethewey4r@accuweather.com,Female,178,343,10,477,83,175,83,202,109,495
173,Rica,Allmen,rallmen4s@google.nl,Female,137,520,198,73,198,183,295,290,212,237
174,Kip,Wedmore.,kwedmore4t@canalblog.com,Male,255,64,492,477,351,481,180,507,580,212
175,Corinna,Sawfoot,csawfoot4u@ebay.com,Female,205,541,154,466,100,339,158,211,381,470
176,Erin,Ciccetti,eciccetti4v@sourceforge.net,Male,258,177,146,324,342,416,145,345,580,443
177,Layla,Stockford,lstockford4w@archive.org,Polygender,503,189,551,235,228,360,526,312,253,407
178,Ulrike,Orrin,uorrin4x@psu.edu,Female,81,106,46,112,560,263,532,63,542,564
179,Rabbi,Schubart,rschubart4y@ucoz.ru,Male,166,185,299,568,231,137,173,439,375,425
180,Alfie,Hawker,ahawker4z@sakura.ne.jp,Female,437,55,131,112,572,458,262,161,79,385
181,Margareta,Coldtart,mcoldtart50@sourceforge.net,Female,213,103,217,396,245,219,448,441,501,315
182,Mickie,Chatten,mchatten51@ning.com,Male,405,31,563,273,372,276,228,140,396,405
183,Natalina,Drewe,ndrewe52@drupal.org,Female,335,313,142,161,280,198,57,471,155,174
184,Malva,Linskey,mlinskey53@netvibes.com,Genderqueer,347,266,199,306,109,580,135,304,268,186
185,Minnnie,Lees,mlees54@google.de,Female,188,341,154,498,471,414,537,552,408,105
186,Bret,Eidelman,beidelman55@naver.com,Male,168,329,496,392,315,459,264,140,154,283
187,Bram,Cutmore,bcutmore56@hubpages.com,Male,464,281,569,304,500,79,411,456,111,166
188,Alvina,O'Sheeryne,aosheeryne57@gnu.org,Female,350,222,452,496,101,389,94,423,140,157
189,Harlen,Harries,hharries58@geocities.com,Male,103,89,563,151,378,400,360,243,575,147
190,Persis,Babin,pbabin59@indiegogo.com,Female,238,306,501,35,377,306,536,485,525,315
191,Edith,Swatland,eswatland5a@nps.gov,Female,383,560,457,167,571,425,179,293,73,416
192,Rica,Cluley,rcluley5b@amazon.co.uk,Female,181,173,525,368,577,363,303,156,107,378
193,Timothy,Tant,ttant5c@uol.com.br,Male,224,419,94,315,230,165,410,481,220,217
194,Robinett,Antunez,rantunez5d@example.com,Female,102,369,349,499,430,564,375,534,341,444
195,Rockwell,Forster,rforster5e@usgs.gov,Male,330,486,523,493,143,311,488,452,373,207
196,Coleen,Jeafferson,cjeafferson5f@mediafire.com,Female,3,407,115,411,139,305,208,187,276,102
197,Bevvy,Woodrooffe,bwoodrooffe5g@umich.edu,Female,341,324,394,371,339,293,115,370,522,202
198,Brannon,Fucher,bfucher5h@amazon.de,Male,183,183,210,76,191,44,79,455,92,227
199,Noelani,Sager,nsager5i@google.com.hk,Female,402,8,187,362,38,283,506,133,346,444
200,Adiana,Whitmore,awhitmore5j@blog.com,Polygender,574,476,222,380,261,489,280,159,274,139
201,Lorita,Lintill,llintill5k@parallels.com,Female,574,237,454,249,525,106,530,97,559,506
202,Wakefield,Goold,wgoold5l@weebly.com,Male,453,197,402,482,578,72,181,176,228,177
203,Ardenia,Bridden,abridden5m@wp.com,Female,421,335,363,215,545,180,294,552,486,296
204,Eloisa,Rigg,erigg5n@earthlink.net,Female,206,358,260,537,315,125,320,422,103,109
205,Jenifer,Trimming,jtrimming5o@ovh.net,Female,201,431,551,475,35,517,353,404,277,316
206,Ariela,Corbin,acorbin5p@gnu.org,Female,124,175,168,247,306,350,273,391,537,373
207,Johannes,Pawlata,jpawlata5q@arstechnica.com,Male,269,54,473,576,320,216,136,106,128,474
208,Calhoun,Eccleston,ceccleston5r@bing.com,Male,430,9,459,575,562,392,155,484,379,190
209,Vivia,Chastaing,vchastaing5s@hexun.com,Female,313,364,339,454,271,126,186,244,253,275
210,Oswell,Stolte,ostolte5t@devhub.com,Male,216,207,538,166,487,412,59,517,292,149
211,Ariadne,Iacomi,aiacomi5u@ucoz.com,Female,3,550,447,490,44,360,172,159,412,216
212,Thurston,Broadhurst,tbroadhurst5v@dyndns.org,Male,207,5,228,321,125,284,515,440,477,345
213,Leesa,Phittiplace,lphittiplace5w@webeden.co.uk,Female,551,254,379,338,256,499,300,532,170,102
214,Bettye,Pettifor,bpettifor5x@weather.com,Female,541,383,119,198,476,419,560,382,521,263
215,Lamont,Roderighi,lroderighi5y@woothemes.com,Male,98,363,475,140,192,470,206,520,303,216
216,Valentine,Lambersen,vlambersen5z@jimdo.com,Male,117,341,70,77,262,173,243,331,504,274
217,Aymer,Humm,ahumm60@delicious.com,Male,364,467,132,573,162,71,284,477,300,101
218,Cross,Gantzer,cgantzer61@feedburner.com,Male,243,317,279,518,547,416,442,470,508,186
219,Rodolphe,Byard,rbyard62@meetup.com,Male,14,415,394,382,450,221,462,65,309,150
220,Zara,McAllester,zmcallester63@hp.com,Female,263,239,291,314,70,350,467,515,262,471
221,Tawnya,Chessor,tchessor64@about.me,Female,488,196,304,253,470,372,256,274,65,448
222,Jude,Crabbe,jcrabbe65@youku.com,Male,489,349,438,460,553,441,207,306,531,372
223,Christie,Ausher,causher66@msu.edu,Female,483,414,424,548,132,329,441,516,326,418
224,Avril,Kilty,akilty67@mediafire.com,Female,559,558,313,117,569,77,347,461,298,449
225,Murdoch,Manifould,mmanifould68@nbcnews.com,Male,320,150,536,342,414,161,490,239,271,307
226,Nicholas,Sayre,nsayre69@slideshare.net,Male,180,204,460,402,506,382,241,365,366,258
227,Desmond,Mordue,dmordue6a@histats.com,Male,260,484,166,271,341,353,93,283,414,269
228,Jarrod,Spoole,jspoole6b@feedburner.com,Male,540,501,543,189,53,495,190,262,299,275
229,Imelda,Stronge,istronge6c@wikipedia.org,Female,553,170,220,90,424,121,520,220,178,460
230,Vonni,Sciacovelli,vsciacovelli6d@nbcnews.com,Female,483,255,244,553,366,143,147,384,195,165
231,Ira,Antognoni,iantognoni6e@blogger.com,Agender,477,568,529,438,317,209,475,141,242,157
232,Jarred,Hubeaux,jhubeaux6f@reddit.com,Male,224,321,168,298,549,534,255,376,539,551
233,Kendrick,Spens,kspens6g@nyu.edu,Genderqueer,324,14,480,178,345,154,482,131,377,489
234,Hortense,MacFarlane,hmacfarlane6h@cbslocal.com,Female,124,336,471,222,491,244,108,416,125,175
235,Linc,Vasic,lvasic6i@wunderground.com,Male,354,453,18,458,162,512,331,347,140,482
236,Colleen,Brazil,cbrazil6j@printfriendly.com,Female,329,62,531,267,375,298,421,193,296,295
237,Leann,Sharnock,lsharnock6k@vk.com,Female,321,153,454,94,332,556,530,220,579,500
238,Leonard,Flaws,lflaws6l@yale.edu,Male,199,382,61,191,244,41,104,381,84,204
239,Frazer,Snoday,fsnoday6m@home.pl,Male,333,250,186,141,229,321,475,77,163,489
240,Cordie,O'Keefe,cokeefe6n@msu.edu,Male,129,144,65,312,64,81,135,179,106,493
241,Charlean,Rapley,crapley6o@alexa.com,Female,40,187,148,311,517,518,406,367,424,142
242,Salome,Meynell,smeynell6p@house.gov,Female,502,27,527,356,204,114,379,263,417,418
243,Crichton,Normandale,cnormandale6q@samsung.com,Male,213,450,359,391,393,320,167,510,258,485
244,Shannan,Elen,selen6r@huffingtonpost.com,Male,498,484,290,472,456,373,126,465,127,433
245,Ferdinanda,Gillet,fgillet6s@surveymonkey.com,Female,433,283,101,42,233,558,491,518,347,514
246,Mallory,Crown,mcrown6t@yandex.ru,Female,449,526,545,269,299,368,145,427,475,297
247,Jemie,Pischoff,jpischoff6u@tamu.edu,Female,527,515,62,42,344,39,239,121,213,397
248,Teddie,Chesterfield,tchesterfield6v@ed.gov,Bigender,532,427,462,218,232,133,420,336,225,268
249,Melisenda,Kleinplatz,mkleinplatz6w@aol.com,Female,459,243,201,278,257,477,310,352,565,342
250,Ardelia,Tommasetti,atommasetti6x@xinhuanet.com,Female,315,364,158,82,441,266,565,242,410,523
251,Ranice,Klauer,rklauer6y@businessweek.com,Female,361,171,475,67,270,70,473,354,63,463
252,Frasier,Wigginton,fwigginton6z@arizona.edu,Male,2,177,484,138,467,443,200,431,453,417
253,Kahlil,Langrish,klangrish70@domainmarket.com,Male,294,321,462,265,150,330,275,264,196,473
254,Enrika,Cloney,ecloney71@npr.org,Female,518,512,567,443,457,185,500,156,570,129
255,Rustin,Housego,rhousego72@uol.com.br,Male,86,429,324,221,49,107,401,172,532,145
256,Malia,Wittke,mwittke73@examiner.com,Female,530,470,272,73,431,423,180,380,304,186
257,Blinny,MacMenamin,bmacmenamin74@mit.edu,Female,357,504,33,94,367,253,434,66,298,105
258,Vicki,Thorlby,vthorlby75@acquirethisname.com,Female,478,349,399,148,134,428,133,506,279,328
259,Devin,Woodfine,dwoodfine76@topsy.com,Agender,475,396,287,114,409,83,560,463,466,111
260,Seymour,Djorevic,sdjorevic77@com.com,Male,313,469,339,34,549,491,197,224,550,430
261,Jeffrey,Grzelewski,jgrzelewski78@columbia.edu,Male,58,437,262,249,175,413,482,83,175,218
262,Matty,Gehrels,mgehrels79@ocn.ne.jp,Female,161,97,87,310,158,471,160,564,150,430
263,Quintus,Golden of Ireland,qgoldenofireland7a@bigcartel.com,Male,338,495,209,167,297,376,123,534,456,546
264,Marice,Matthiesen,mmatthiesen7b@myspace.com,Female,508,155,62,437,59,388,541,269,63,470
265,Currey,Voisey,cvoisey7c@parallels.com,Male,50,332,173,310,339,276,216,152,487,412
266,Chery,Wyse,cwyse7d@github.io,Female,176,139,266,321,335,499,474,307,476,211
267,Justin,Spurling,jspurling7e@yahoo.co.jp,Male,196,116,459,506,147,240,374,193,140,182
268,Ester,Proven,eproven7f@php.net,Female,145,70,217,50,316,204,78,110,185,553
269,Merwin,Chifney,mchifney7g@intel.com,Male,572,45,542,93,368,565,142,218,532,127
270,Lorant,Chieco,lchieco7h@networksolutions.com,Male,428,254,339,338,210,336,480,514,125,506
271,Shina,Quarrie,squarrie7i@bloglines.com,Female,228,544,563,454,348,325,300,234,333,206
272,Townsend,Keggins,tkeggins7j@tuttocitta.it,Male,226,579,466,231,554,185,330,149,447,307
273,Alexei,Leyton,aleyton7k@timesonline.co.uk,Male,124,209,277,177,382,38,279,211,520,225
274,Rosalia,Staziker,rstaziker7l@theglobeandmail.com,Female,525,203,78,343,117,256,565,159,399,437
275,Thorn,Possa,tpossa7m@apache.org,Male,390,552,38,351,567,266,255,388,413,102
276,Giusto,Bedells,gbedells7n@fc2.com,Male,183,77,514,217,546,569,512,164,327,198
277,Fairfax,Gaishson,fgaishson7o@unc.edu,Polygender,2,340,558,136,403,235,459,542,198,479
278,Rollin,Saffle,rsaffle7p@engadget.com,Male,496,285,156,113,103,214,388,187,230,570
279,Florrie,Kinvan,fkinvan7q@dyndns.org,Female,456,340,120,276,191,95,483,421,495,564
280,See,Giroldi,sgiroldi7r@europa.eu,Male,553,90,143,403,533,176,223,107,415,429
281,Moss,Cottham,mcottham7s@baidu.com,Male,226,555,70,350,108,515,61,182,441,198
282,Mathian,Nardrup,mnardrup7t@bandcamp.com,Male,349,7,345,404,196,121,260,322,437,274
283,Max,Jeckell,mjeckell7u@reddit.com,Female,265,70,434,163,103,77,365,502,379,139
284,Linnell,Motton,lmotton7v@wiley.com,Female,89,381,318,365,148,175,543,253,331,367
285,Carce,Rush,crush7w@i2i.jp,Male,140,77,162,316,145,358,182,512,538,229
286,Ringo,Raoul,rraoul7x@yelp.com,Male,108,577,48,389,150,527,572,370,274,556
287,Langsdon,Firk,lfirk7y@go.com,Male,374,75,554,254,370,260,218,230,401,320
288,Pat,Ryhorovich,pryhorovich7z@msu.edu,Female,311,376,558,196,568,457,317,354,204,467
289,Dulcy,Gilbard,dgilbard80@weibo.com,Female,295,399,59,424,133,295,310,487,61,292
290,Wilhelmina,Tonnesen,wtonnesen81@squarespace.com,Female,512,375,221,154,81,452,430,341,68,439
291,Nick,Shearmer,nshearmer82@csmonitor.com,Male,6,261,502,150,267,83,284,286,333,344
292,Clarette,Corfield,ccorfield83@abc.net.au,Female,178,196,533,480,478,345,330,394,496,395
293,Ricard,McGenis,rmcgenis84@e-recht24.de,Non-binary,242,412,435,301,376,354,417,346,528,488
294,Mahmoud,Tetla,mtetla85@cafepress.com,Male,532,439,385,52,428,160,523,292,364,225
295,Willy,Templeton,wtempleton86@cdbaby.com,Male,393,77,565,126,334,311,67,268,298,225
296,Edgar,Brignall,ebrignall87@mapy.cz,Non-binary,54,318,25,482,292,227,139,105,420,113
297,Luce,Treacher,ltreacher88@theguardian.com,Male,438,562,37,354,558,256,305,354,114,467
298,Lurlene,Downes,ldownes89@addthis.com,Female,366,168,72,57,335,141,299,394,551,576
299,Lavena,Pile,lpile8a@unblog.fr,Female,290,51,309,261,210,523,350,107,76,239
300,Crystie,Aliberti,caliberti8b@freewebs.com,Female,256,393,146,246,188,168,494,62,411,549
301,Nicolina,Valeri,nvaleri8c@boston.com,Female,170,238,354,207,44,518,195,179,482,469
302,Taite,MacDaid,tmacdaid8d@gravatar.com,Male,41,558,158,233,330,130,120,79,203,428
303,Kattie,Swains,kswains8e@ycombinator.com,Female,285,117,524,256,83,352,129,207,66,431
304,Dexter,Warters,dwarters8f@un.org,Male,33,434,490,291,155,568,477,379,342,322
305,Georg,Deegin,gdeegin8g@tuttocitta.it,Agender,96,258,150,539,258,576,171,64,228,297
306,Riccardo,Twinborough,rtwinborough8h@tripadvisor.com,Genderqueer,391,311,158,321,476,143,319,365,218,192
307,Bessie,Linn,blinn8i@huffingtonpost.com,Female,572,91,391,228,433,205,488,543,556,222
308,Jilli,Jansik,jjansik8j@house.gov,Female,37,86,31,390,315,252,284,82,561,481
309,Matthew,McSkeagan,mmcskeagan8k@studiopress.com,Male,374,522,228,480,435,284,209,61,170,448
310,Mandy,Sterley,msterley8l@cloudflare.com,Female,10,458,524,411,553,422,264,151,383,281
311,Cecil,Longstaffe,clongstaffe8m@utexas.edu,Male,475,503,482,31,139,61,565,574,376,121
312,Ilario,Arcase,iarcase8n@toplist.cz,Male,172,8,190,169,127,59,540,339,496,317
313,Leela,Harkess,lharkess8o@who.int,Female,218,399,230,98,182,252,392,417,453,189
314,Haley,Renshell,hrenshell8p@hud.gov,Female,349,288,422,408,76,192,279,410,215,425
315,Frank,Prene,fprene8q@youtu.be,Female,382,578,164,397,281,302,399,139,95,354
316,Farlie,Garbert,fgarbert8r@acquirethisname.com,Male,496,186,318,51,505,92,173,166,320,155
317,Cristal,Skentelbury,cskentelbury8s@businessinsider.com,Female,50,211,162,481,571,148,187,466,577,163
318,Kellsie,Jeffries,kjeffries8t@edublogs.org,Female,298,455,33,341,286,250,239,332,529,193
319,Allina,Wythill,awythill8u@netscape.com,Female,306,114,155,195,288,502,288,200,272,503
320,Babbie,Di Filippo,bdifilippo8v@aol.com,Female,398,557,63,553,376,526,517,397,515,196
321,Allegra,McLane,amclane8w@nyu.edu,Female,381,16,312,292,155,199,275,240,540,150
322,Germaine,Scole,gscole8x@ning.com,Male,267,149,166,490,269,144,104,519,182,376
323,Paco,Speedy,pspeedy8y@un.org,Male,454,86,146,535,255,179,562,165,253,165
324,Ulises,Goldney,ugoldney8z@1688.com,Male,363,494,391,39,169,262,508,405,116,279
325,Vivianne,Noyes,vnoyes90@t-online.de,Female,516,82,342,143,68,366,255,448,286,240
326,Rufus,Dollard,rdollard91@ning.com,Male,131,190,446,470,510,147,419,385,479,230
327,Charmain,Linck,clinck92@biglobe.ne.jp,Female,88,227,542,40,359,213,570,401,356,231
328,Corinne,Chicco,cchicco93@blinklist.com,Female,400,398,133,253,345,42,356,250,547,125
329,Artair,Lugsdin,alugsdin94@opensource.org,Male,328,388,129,380,58,388,150,318,567,402
330,Christine,Ferris,cferris95@cafepress.com,Female,183,531,235,554,536,285,166,364,419,146
331,Reade,Delahunty,rdelahunty96@google.com.au,Male,329,34,176,575,209,513,334,87,501,454
332,Vivie,Cisson,vcisson97@omniture.com,Female,524,164,447,378,222,326,181,346,375,533
333,Clayborne,Rough,crough98@paypal.com,Male,515,24,506,275,564,135,305,422,555,171
334,Alasdair,Armfirld,aarmfirld99@rambler.ru,Bigender,487,465,174,249,360,240,109,446,252,380
335,Ruben,Lerohan,rlerohan9a@mashable.com,Male,393,539,77,176,444,200,421,541,66,558
336,Dominique,Radki,dradki9b@chronoengine.com,Male,284,459,507,107,351,569,384,497,479,484
337,Bernita,Nind,bnind9c@prlog.org,Female,324,238,257,395,269,204,125,486,196,360
338,Hersch,Rodgman,hrodgman9d@whitehouse.gov,Male,510,37,304,213,488,554,223,344,479,261
339,Ambrosio,Sumsion,asumsion9e@yandex.ru,Male,487,484,107,167,555,103,449,235,458,102
340,Job,Clive,jclive9f@istockphoto.com,Non-binary,157,314,507,359,402,205,51,570,580,573
341,Sawyer,Giacovazzo,sgiacovazzo9g@mlb.com,Male,209,195,162,161,479,554,297,282,164,511
342,Fielding,Merkle,fmerkle9h@flickr.com,Male,125,178,566,483,395,499,204,365,543,534
343,Elvera,Mathou,emathou9i@tripod.com,Female,28,382,578,221,400,283,414,265,264,455
344,Bryan,Yetts,byetts9j@smugmug.com,Polygender,80,493,178,31,127,358,346,255,565,486
345,Ansley,O' Cloney,aocloney9k@nyu.edu,Female,383,395,258,425,273,214,423,308,354,158
346,Chip,Maddie,cmaddie9l@dedecms.com,Male,257,263,446,447,330,98,161,266,436,324
347,Ellene,Putland,eputland9m@imageshack.us,Female,377,517,303,514,543,215,217,349,243,573
348,Lester,Gockelen,lgockelen9n@cocolog-nifty.com,Male,162,33,522,568,122,495,232,316,358,225
349,Dixie,Bernuzzi,dbernuzzi9o@odnoklassniki.ru,Female,89,108,554,96,324,473,413,405,295,271
350,Darrick,Darwen,ddarwen9p@liveinternet.ru,Male,26,512,481,83,281,537,163,141,95,405
351,Devonna,Pereira,dpereira9q@usnews.com,Female,105,321,123,148,226,194,325,305,353,307
352,Alisha,Oppery,aoppery9r@ft.com,Female,223,147,23,173,455,45,487,171,240,321
353,Matilde,Silverthorn,msilverthorn9s@amazon.co.jp,Genderfluid,86,422,48,414,278,267,383,449,153,580
354,Owen,Potier,opotier9t@cbslocal.com,Male,504,509,146,450,145,440,570,221,124,370
355,Milena,Moulster,mmoulster9u@disqus.com,Female,265,207,463,447,543,197,185,86,267,256
356,Correy,Doorbar,cdoorbar9v@photobucket.com,Polygender,66,30,164,124,377,458,289,535,395,487
357,Maximilianus,Kneeshaw,mkneeshaw9w@dailymotion.com,Male,138,431,296,545,49,130,519,491,401,241
358,Rori,Hagergham,rhagergham9x@abc.net.au,Female,88,534,234,236,383,512,579,248,255,449
359,Norina,De Caville,ndecaville9y@shinystat.com,Female,371,207,397,223,248,507,136,263,564,177
360,Jojo,Wolvey,jwolvey9z@scribd.com,Agender,485,355,30,287,429,417,244,84,508,342
361,Freeman,McPhilemy,fmcphilemya0@blogtalkradio.com,Male,352,208,252,328,167,130,246,433,268,501
362,Bordy,Bonnaire,bbonnairea1@washington.edu,Male,568,221,354,96,304,271,109,557,88,288
363,Aridatha,Lortz,alortza2@blogtalkradio.com,Female,359,443,450,456,340,208,561,360,374,324
364,Lesya,Dioniso,ldionisoa3@gnu.org,Bigender,475,564,367,111,315,463,459,459,357,217
365,Merill,Salery,msalerya4@odnoklassniki.ru,Male,495,70,252,334,309,482,135,490,81,159
366,Morgen,Bridgewater,mbridgewatera5@freewebs.com,Female,521,96,497,95,200,41,114,303,173,539
367,Fenelia,Herreran,fherrerana6@mozilla.com,Female,238,359,61,511,144,362,311,510,85,179
368,Dill,Povah,dpovaha7@baidu.com,Genderqueer,468,555,216,339,241,461,313,444,302,579
369,Silvan,Isacsson,sisacssona8@mysql.com,Male,207,570,211,295,460,249,186,263,423,364
370,Nolly,Gainsborough,ngainsborougha9@ow.ly,Male,524,271,390,580,421,64,291,211,490,328
371,Elwood,Paulisch,epaulischaa@mit.edu,Male,168,491,213,534,77,151,544,251,69,508
372,Cortie,Chadwick,cchadwickab@prlog.org,Male,36,390,370,84,307,271,479,118,359,390
373,Dolli,Cotta,dcottaac@uiuc.edu,Female,302,247,390,424,340,146,110,140,119,254
374,Ferris,Perris,fperrisad@yellowpages.com,Male,474,483,298,291,557,426,149,330,388,151
375,Merry,Pughsley,mpughsleyae@technorati.com,Agender,452,370,565,298,525,427,373,544,387,381
376,Wren,Grzes,wgrzesaf@parallels.com,Female,96,476,248,270,419,450,306,532,454,184
377,Lucie,Seston,lsestonag@blogtalkradio.com,Female,578,273,579,374,404,508,347,545,312,542
378,Alexina,Gaffney,agaffneyah@nps.gov,Female,126,145,342,217,559,252,461,440,390,520
379,Emlynn,Niesegen,eniesegenai@goo.ne.jp,Female,319,10,98,220,220,567,565,423,92,159
380,Bobette,de Aguirre,bdeaguirreaj@wikia.com,Female,128,263,188,137,387,45,179,433,223,205
381,Kirstyn,Tregaskis,ktregaskisak@constantcontact.com,Female,75,401,300,143,525,44,285,458,228,126
382,Herold,Boxen,hboxenal@alexa.com,Male,323,328,380,197,527,331,96,419,233,130
383,Temp,Wingatt,twingattam@tmall.com,Male,227,563,205,220,364,388,479,143,275,166
384,Clevie,Woodburn,cwoodburnan@opensource.org,Male,34,0,564,520,201,421,515,571,475,392
385,Abbott,Weben,awebenao@geocities.jp,Male,389,259,334,469,553,292,136,343,122,146
386,Edgardo,Cavilla,ecavillaap@goo.gl,Male,575,216,514,185,97,186,473,209,337,227
387,Thomas,Ajean,tajeanaq@booking.com,Male,234,448,47,579,432,469,394,118,434,350
388,Maryjo,Falks,mfalksar@mashable.com,Female,308,0,35,443,43,183,397,534,234,553
389,Peder,Marciskewski,pmarciskewskias@smugmug.com,Male,149,97,385,545,531,465,252,207,358,129
390,Bancroft,De Michetti,bdemichettiat@canalblog.com,Male,460,159,290,390,273,50,131,566,291,142
391,Hale,Kettlewell,hkettlewellau@omniture.com,Male,170,479,515,362,98,111,225,271,414,484
392,Hammad,Jerrolt,hjerroltav@delicious.com,Male,351,528,337,431,562,529,548,236,164,191
393,Ulrich,Cultcheth,ucultchethaw@columbia.edu,Male,362,510,32,121,139,494,353,308,270,231
394,Margette,Nipper,mnipperax@yellowbook.com,Female,125,559,428,170,517,258,351,418,394,202
395,Franny,Cocher,fcocheray@nature.com,Female,568,454,335,216,546,565,434,158,508,312
396,Saloma,Shickle,sshickleaz@aboutads.info,Female,253,21,387,166,369,35,471,265,226,507
397,Kendra,Wilcocke,kwilcockeb0@is.gd,Female,340,408,572,485,575,368,382,210,297,388
398,Cyndy,D'Oyly,cdoylyb1@cornell.edu,Genderqueer,517,355,125,111,564,352,206,482,171,273
399,Barthel,Sotworth,bsotworthb2@weebly.com,Male,478,425,228,248,515,55,409,397,433,383
400,Christalle,Budcock,cbudcockb3@independent.co.uk,Female,419,441,359,278,415,58,144,399,486,167
401,Giraud,Iltchev,giltchevb4@merriam-webster.com,Male,250,347,559,505,492,236,538,428,309,330
402,Salvatore,De Maine,sdemaineb5@friendfeed.com,Male,36,241,99,391,446,532,408,107,266,359
403,Worth,Dyzart,wdyzartb6@storify.com,Male,501,301,11,237,195,539,212,342,246,365
404,Rafael,Vaughton,rvaughtonb7@mac.com,Male,174,229,233,557,157,320,191,220,173,448
405,Thatcher,Lacy,tlacyb8@squarespace.com,Male,164,301,28,298,435,320,307,230,534,548
406,Pyotr,Petracchi,ppetracchib9@last.fm,Male,491,388,438,295,365,556,517,463,86,287
407,Danielle,Swayton,dswaytonba@smh.com.au,Female,209,349,110,413,319,483,377,276,380,479
408,Ernie,Tydeman,etydemanbb@bluehost.com,Male,465,147,435,522,211,476,75,110,493,358
409,Evan,Giottoi,egiottoibc@topsy.com,Male,417,407,472,167,58,486,415,429,258,358
410,Amalia,Woodcroft,awoodcroftbd@latimes.com,Female,157,473,407,521,169,73,254,157,272,421
411,Thomas,Conaghan,tconaghanbe@booking.com,Male,286,430,271,165,357,179,113,134,106,109
412,Ryann,Klossmann,rklossmannbf@microsoft.com,Female,140,208,145,194,96,137,388,512,370,335
413,Aldis,Border,aborderbg@patch.com,Male,431,544,510,416,159,279,309,80,500,329
414,Nathanial,Horrell,nhorrellbh@wisc.edu,Male,43,167,580,434,368,39,398,489,207,338
415,Hy,Lourenco,hlourencobi@amazon.de,Male,188,242,399,471,415,547,122,156,129,184
416,Jermayne,Ranson,jransonbj@freewebs.com,Male,302,574,492,40,155,165,395,523,215,377
417,Daren,Quinevan,dquinevanbk@youtu.be,Male,35,206,365,150,231,561,497,234,492,417
418,Maxy,Shrubb,mshrubbbl@prlog.org,Male,167,242,141,489,384,260,505,513,554,167
419,Barny,Dansken,bdanskenbm@wikia.com,Male,76,33,273,213,278,397,447,566,202,270
420,Jessica,Conerding,jconerdingbn@mozilla.org,Female,399,301,290,200,193,98,300,523,178,168
421,Sylas,Chartman,schartmanbo@simplemachines.org,Male,20,159,89,330,373,387,468,299,328,452
422,Mitchell,Mennear,mmennearbp@youku.com,Non-binary,299,547,456,353,336,318,152,80,530,131
423,Barrie,Ovise,bovisebq@psu.edu,Female,429,307,566,503,251,503,223,112,485,431
424,Claire,Agiolfinger,cagiolfingerbr@chicagotribune.com,Female,340,323,136,280,126,254,141,385,434,310
425,Tisha,Jedrzaszkiewicz,tjedrzaszkiewiczbs@kickstarter.com,Female,231,95,299,205,363,426,517,320,249,200
426,Eldon,Ulrik,eulrikbt@ask.com,Male,148,197,207,405,323,72,330,203,483,233
427,Levey,Neenan,lneenanbu@adobe.com,Male,340,111,213,445,303,381,259,549,578,473
428,Eldon,Silvers,esilversbv@sitemeter.com,Male,252,494,518,127,191,469,301,300,247,218
429,Daveta,Marples,dmarplesbw@networkadvertising.org,Female,429,535,347,98,347,452,566,364,406,103
430,Northrop,Robic,nrobicbx@theatlantic.com,Male,289,362,408,200,247,350,62,313,206,143
431,Clare,Weedall,cweedallby@issuu.com,Male,292,274,73,555,419,111,264,220,104,560
432,Brocky,Cush,bcushbz@chronoengine.com,Male,475,477,171,55,389,321,256,569,303,380
433,Molli,Docksey,mdockseyc0@about.com,Female,56,351,302,217,350,440,76,287,149,553
434,Gail,Harvard,gharvardc1@squarespace.com,Polygender,72,279,559,137,403,270,70,130,198,174
435,Gillie,Doe,gdoec2@independent.co.uk,Female,110,292,480,136,131,122,221,407,164,100
436,Nettie,Creffield,ncreffieldc3@unblog.fr,Female,455,350,83,471,354,139,174,509,276,278
437,Ruperto,Jori,rjoric4@webs.com,Male,554,451,349,477,460,228,78,532,343,516
438,Faith,Spittle,fspittlec5@mashable.com,Female,286,368,156,466,293,396,345,250,190,252
439,Rutger,Physic,rphysicc6@1und1.de,Male,179,160,507,198,444,572,547,153,98,223
440,Hilde,McShirrie,hmcshirriec7@nps.gov,Female,371,157,113,32,378,469,555,222,67,328
441,Gilbert,Lamberts,glambertsc8@blinklist.com,Male,30,187,155,187,501,466,299,438,532,304
442,Kipp,Casarino,kcasarinoc9@blog.com,Female,240,446,132,522,163,417,228,576,454,514
443,Mateo,Guidone,mguidoneca@livejournal.com,Male,221,486,505,503,395,381,143,185,225,277
444,Bendix,Domelaw,bdomelawcb@dot.gov,Bigender,453,471,371,241,416,432,230,125,107,474
445,Georges,Ketley,gketleycc@arstechnica.com,Male,162,230,363,537,349,111,559,109,507,373
446,Fifine,Leander,fleandercd@alexa.com,Female,185,2,163,542,86,99,59,316,423,399
447,Vanda,McNiff,vmcniffce@tripadvisor.com,Female,118,31,265,327,401,180,77,179,312,509
448,Andriette,Aleksankov,aaleksankovcf@timesonline.co.uk,Non-binary,229,86,253,298,89,83,410,122,267,530
449,Jamima,Porter,jportercg@ucoz.com,Female,440,137,169,520,358,357,174,359,120,532
450,Nelia,Arnely,narnelych@businessweek.com,Female,81,133,505,357,538,382,438,285,575,165
451,Adda,Rewcassell,arewcassellci@nih.gov,Female,497,258,522,223,350,178,533,91,526,323
452,Lamond,Adrienne,ladriennecj@dmoz.org,Male,34,295,536,251,349,384,102,442,461,403
453,Davidson,Beresford,dberesfordck@meetup.com,Male,533,573,485,507,522,185,537,125,166,166
454,Simone,Frowen,sfrowencl@stumbleupon.com,Female,151,362,284,178,165,226,382,489,276,562
455,Dayna,Donoghue,ddonoghuecm@ucsd.edu,Female,470,577,304,200,348,439,177,460,142,513
456,Roi,Ainger,raingercn@tinypic.com,Male,532,182,395,575,174,389,180,508,364,101
457,Payton,Birch,pbirchco@biblegateway.com,Male,523,260,188,95,571,499,356,398,80,506
458,Raviv,Stacey,rstaceycp@about.me,Male,291,160,242,358,182,61,247,327,445,568
459,Cinnamon,Hanner,channercq@quantcast.com,Female,477,0,304,335,274,111,442,380,315,182
460,Diego,Grimsdike,dgrimsdikecr@cpanel.net,Male,141,282,312,410,504,77,382,456,338,479
461,Dill,Laborde,dlabordecs@cmu.edu,Male,488,148,226,154,517,188,236,116,284,532
462,Sayers,Crawley,scrawleyct@gnu.org,Male,496,196,302,216,359,460,352,182,90,351
463,Pascale,Dowzell,pdowzellcu@java.com,Male,152,459,148,216,342,392,318,484,243,117
464,Joletta,Coppock.,jcoppockcv@biblegateway.com,Female,305,287,194,57,341,553,154,303,483,484
465,Gena,Mohamed,gmohamedcw@cnn.com,Female,28,505,394,553,294,244,241,148,133,265
466,Amery,Baudino,abaudinocx@toplist.cz,Genderfluid,57,196,452,348,198,457,166,278,261,525
467,Cosmo,Barbier,cbarbiercy@amazon.co.uk,Bigender,384,535,62,420,270,269,258,280,286,484
468,Rossie,Sherebrook,rsherebrookcz@reuters.com,Male,256,112,94,546,543,572,61,144,173,502
469,Klemens,Bremmell,kbremmelld0@wp.com,Male,196,473,243,103,333,141,308,458,72,102
470,Lois,Diviney,ldivineyd1@google.com.hk,Female,248,71,251,155,435,102,292,539,171,178
471,Shay,de Copeman,sdecopemand2@cmu.edu,Male,574,37,208,202,533,567,202,137,339,394
472,Danica,Glader,dgladerd3@woothemes.com,Female,401,401,366,455,192,259,114,293,344,230
473,Caryl,Slyme,cslymed4@ehow.com,Male,54,536,579,314,423,66,556,463,85,248
474,Kenneth,Hugnot,khugnotd5@jigsy.com,Genderfluid,415,36,389,455,163,91,181,150,242,476
475,Betti,Fonte,bfonted6@unc.edu,Female,45,449,544,286,73,389,351,75,516,321
476,Viviyan,Dennistoun,vdennistound7@deviantart.com,Genderfluid,396,117,527,519,571,380,514,493,273,540
477,Casie,Jiles,cjilesd8@nyu.edu,Non-binary,126,474,341,78,179,355,455,246,486,373
478,Selinda,Hurling,shurlingd9@cdbaby.com,Female,134,280,118,122,280,400,268,178,173,192
479,Peirce,Macrow,pmacrowda@sciencedirect.com,Polygender,330,246,176,68,265,565,573,403,125,196
480,Abelard,Sanders,asandersdb@salon.com,Male,141,343,57,478,389,503,579,349,169,355
481,Job,Spendley,jspendleydc@wordpress.org,Male,337,404,186,419,233,406,223,378,198,513
482,Shir,Vedyaev,svedyaevdd@ox.ac.uk,Female,21,402,407,579,405,336,429,163,365,573
483,Ollie,Bullant,obullantde@cyberchimps.com,Non-binary,22,134,218,323,577,89,242,251,358,332
484,Danell,Fardy,dfardydf@un.org,Female,40,445,462,93,288,150,512,392,338,102
485,Jayme,Regglar,jregglardg@auda.org.au,Male,337,13,576,96,178,424,67,550,409,149
486,Muhammad,Haxell,mhaxelldh@paginegialle.it,Male,343,67,558,286,393,180,404,479,424,570
487,Auberta,Bodemeaid,abodemeaiddi@desdev.cn,Female,132,444,380,464,60,429,312,108,499,348
488,Alida,Dumigan,adumigandj@utexas.edu,Female,411,341,323,430,127,55,389,119,437,277
489,Annabal,Milius,amiliusdk@addthis.com,Female,66,578,326,437,315,559,62,479,517,213
490,Chase,Summerley,csummerleydl@google.pl,Genderfluid,239,396,356,473,248,143,289,514,402,443
491,Layla,Coplestone,lcoplestonedm@miibeian.gov.cn,Female,327,413,175,535,414,221,471,283,321,511
492,Doyle,Jaspar,djaspardn@plala.or.jp,Male,410,436,460,551,572,326,241,317,351,498
493,Jenn,Verbruggen,jverbruggendo@github.com,Female,239,34,160,298,546,114,187,413,308,313
494,Anders,Drinkel,adrinkeldp@go.com,Male,35,362,128,166,309,252,218,375,169,404
495,Stanleigh,Halsey,shalseydq@devhub.com,Male,136,470,100,62,56,451,487,115,261,127
496,Bearnard,Masedon,bmasedondr@usatoday.com,Male,508,512,268,215,273,167,325,464,182,401
497,Oberon,Syncke,osynckeds@si.edu,Male,478,138,196,486,131,338,478,272,463,502
498,Wayland,Feitosa,wfeitosadt@nasa.gov,Polygender,244,524,524,450,396,46,499,349,527,288
499,Carroll,Jordan,cjordandu@xrea.com,Male,351,120,59,552,110,395,189,579,560,426
500,Ede,Necrews,enecrewsdv@pinterest.com,Female,467,427,150,220,382,222,116,93,290,541
501,Diandra,Motton,dmottondw@seesaa.net,Female,376,41,267,471,62,371,448,91,471,289
502,Sosanna,Orritt,sorrittdx@sun.com,Female,422,489,294,187,373,381,468,331,347,172
503,Germain,McFadzean,gmcfadzeandy@archive.org,Female,199,465,542,68,496,308,324,484,258,422
504,Lynette,Forde,lfordedz@vk.com,Female,135,450,287,507,283,518,474,206,537,436
505,Willa,Roake,wroakee0@ebay.com,Female,150,83,87,424,437,286,253,325,366,240
506,Charmion,Scard,cscarde1@columbia.edu,Female,294,362,262,324,463,401,257,443,364,448
507,Tally,Ferrers,tferrerse2@unicef.org,Male,556,24,354,427,547,536,161,366,169,405
508,Arie,Voak,avoake3@google.pl,Male,509,560,248,278,334,416,376,172,198,404
509,Fair,Gilhool,fgilhoole4@paginegialle.it,Male,81,319,431,478,568,432,246,359,526,379
510,Lorette,Haggidon,lhaggidone5@prnewswire.com,Female,481,409,121,302,369,408,509,353,371,126
511,Ashlin,Vickery,avickerye6@admin.ch,Male,260,155,431,395,191,182,226,577,378,369
512,Charissa,Dudderidge,cdudderidgee7@eepurl.com,Female,244,120,191,460,439,211,398,252,396,481
513,Neely,Beadon,nbeadone8@economist.com,Female,386,206,503,500,73,357,261,274,77,405
514,Rob,Niblo,rnibloe9@usnews.com,Male,159,322,411,124,430,396,354,494,296,489
515,Holt,Tansey,htanseyea@i2i.jp,Male,21,376,378,403,580,132,191,485,305,350
516,Amii,Mooreed,amooreedeb@google.pl,Female,150,127,200,56,45,106,103,84,68,343
517,Travis,Likely,tlikelyec@ihg.com,Male,49,529,503,299,217,396,152,385,185,511
518,Kayley,Bearne,kbearneed@nba.com,Female,564,328,56,398,444,420,81,385,382,306
519,Isabelita,Dorward,idorwardee@china.com.cn,Female,299,197,546,296,406,245,251,327,502,123
520,Boycey,Bradbeer,bbradbeeref@purevolume.com,Male,459,406,201,366,572,506,103,485,250,311
521,Anthea,Orthmann,aorthmanneg@uol.com.br,Female,391,197,241,202,101,511,433,319,249,442
522,Alden,Cleland,aclelandeh@omniture.com,Male,472,17,471,555,242,383,154,333,290,172
523,Buiron,Stile,bstileei@youtu.be,Male,519,485,12,262,53,401,533,411,265,470
524,Adrian,Exer,aexerej@icq.com,Male,468,225,98,437,112,140,559,180,235,419
525,Aldis,Ebbles,aebblesek@about.me,Male,344,178,365,496,299,96,580,494,513,445
526,Alverta,Milella,amilellael@msu.edu,Female,471,374,13,33,116,217,511,372,492,575
527,Didi,McCoveney,dmccoveneyem@wp.com,Female,372,379,32,356,317,350,321,336,264,216
528,Lyon,Brewers,lbrewersen@cdbaby.com,Male,167,486,158,335,184,63,304,398,491,387
529,Sheilah,Colgan,scolganeo@hp.com,Female,412,94,37,323,454,487,459,135,398,551
530,Reinald,Scrigmour,rscrigmourep@about.me,Male,538,118,254,230,36,144,474,455,161,391
531,Madeleine,Helsdon,mhelsdoneq@acquirethisname.com,Female,564,279,428,38,307,478,513,576,519,575
532,Layne,MacElharge,lmacelhargeer@zimbio.com,Female,407,559,283,571,328,49,221,369,576,450
533,Christian,Winkless,cwinklesses@opensource.org,Male,437,466,451,501,283,546,572,164,555,406
534,Sherwynd,Cockcroft,scockcroftet@psu.edu,Male,398,495,353,175,289,353,321,408,260,147
535,Mimi,Sieb,msiebeu@mayoclinic.com,Female,143,566,466,150,544,571,72,433,311,428
536,Bard,Overel,boverelev@vistaprint.com,Male,359,25,228,163,273,87,289,445,188,489
537,Winni,Proom,wproomew@un.org,Female,182,203,281,239,114,389,575,446,319,465
538,Garret,Goudy,ggoudyex@telegraph.co.uk,Male,171,58,503,283,58,560,313,175,566,415
539,Bowie,Ackerman,backermaney@cpanel.net,Male,127,123,191,451,300,255,269,191,576,567
540,Travis,Vigus,tvigusez@cornell.edu,Non-binary,156,41,360,457,130,227,70,277,545,275
541,Pavel,Adam,padamf0@simplemachines.org,Male,124,452,413,218,377,385,256,306,303,440
542,Skye,Van Castele,svancastelef1@diigo.com,Male,544,269,539,397,55,260,552,406,485,335
543,Cherri,Perche,cperchef2@soup.io,Female,214,47,297,335,242,188,491,125,421,176
544,Farleigh,Cheshire,fcheshiref3@paypal.com,Male,32,96,402,83,130,506,78,418,494,311
545,Mollee,De Bruijn,mdebruijnf4@fda.gov,Female,22,462,20,251,91,442,157,486,139,191
546,Lilla,Crotty,lcrottyf5@opera.com,Genderfluid,265,141,129,217,401,216,72,256,98,277
547,Miles,Weldon,mweldonf6@amazon.de,Male,566,503,323,502,280,64,227,565,411,421
548,Leonora,Presser,lpresserf7@weather.com,Agender,381,177,351,58,571,76,399,303,524,200
549,Izak,Boxen,iboxenf8@tamu.edu,Male,122,249,119,567,215,175,84,250,506,241
550,Olin,Swinglehurst,oswinglehurstf9@marketwatch.com,Male,222,63,122,121,63,524,487,458,399,473
551,Dita,Keenlayside,dkeenlaysidefa@businesswire.com,Female,26,239,53,506,207,105,309,227,140,502
552,Emmery,Cansdall,ecansdallfb@independent.co.uk,Male,568,173,550,524,325,73,174,560,116,170
553,Floris,Seyers,fseyersfc@quantcast.com,Female,2,71,203,433,145,512,230,550,175,295
554,Stacy,Bartolommeo,sbartolommeofd@stumbleupon.com,Female,46,268,100,307,475,217,241,236,485,245
555,Nap,Monget,nmongetfe@about.me,Male,302,269,50,148,146,480,300,410,427,167
556,Winfield,Alston,walstonff@amazonaws.com,Male,97,394,463,261,255,126,456,210,429,506
557,Camila,Zorzin,czorzinfg@sbwire.com,Female,446,112,409,191,516,224,112,498,268,140
558,Gabbi,Ruppert,gruppertfh@nyu.edu,Female,230,491,370,437,103,378,209,235,421,170
559,Hilarius,Conisbee,hconisbeefi@fda.gov,Male,408,91,362,128,48,153,469,329,494,558
560,Laraine,Raitie,lraitiefj@spotify.com,Female,499,440,206,477,399,490,436,500,69,471
561,Jamison,Wagg,jwaggfk@google.ru,Male,251,282,368,299,281,351,87,544,176,345
562,Ozzie,Millan,omillanfl@smugmug.com,Male,171,52,254,259,276,369,175,559,190,294
563,Lowrance,Dennert,ldennertfm@theglobeandmail.com,Male,159,260,110,334,148,222,235,435,483,513
564,Vita,MacNeill,vmacneillfn@elpais.com,Female,204,61,474,270,486,424,228,132,109,504
565,Tina,Divall,tdivallfo@patch.com,Female,21,317,64,391,41,272,87,543,230,485
566,Barbaraanne,Sagerson,bsagersonfp@wix.com,Female,121,538,266,157,137,74,451,424,373,125
567,Rancell,Yabsley,ryabsleyfq@homestead.com,Male,541,494,375,45,272,528,130,189,560,495
568,Hiram,Tureville,hturevillefr@cam.ac.uk,Male,522,334,540,167,347,253,314,525,256,421
569,Shellysheldon,Clute,sclutefs@usatoday.com,Male,99,0,428,40,471,457,180,268,444,442
570,Piggy,Beadon,pbeadonft@livejournal.com,Male,190,480,266,379,121,521,552,221,549,410
571,Jozef,Pregal,jpregalfu@soundcloud.com,Male,6,214,391,225,544,137,556,551,297,285
572,Tomaso,Brockhouse,tbrockhousefv@apache.org,Agender,197,368,229,495,461,365,378,376,196,147
573,Evie,Leverette,eleverettefw@arstechnica.com,Female,114,142,497,53,318,258,429,256,517,295
574,Cilka,Behan,cbehanfx@tiny.cc,Female,203,366,492,204,406,444,192,403,215,394
575,Gates,Moncreif,gmoncreiffy@goo.gl,Female,420,39,256,433,563,183,447,447,101,344
576,Philly,Kempson,pkempsonfz@1688.com,Female,430,541,28,31,577,313,489,384,405,137
577,Danny,Sproston,dsprostong0@qq.com,Male,419,128,331,411,183,343,408,541,126,196
578,Dasya,Maughan,dmaughang1@plala.or.jp,Female,358,318,477,67,109,156,283,226,476,293
579,Corine,Aronoff,caronoffg2@fda.gov,Female,76,556,423,537,325,144,148,286,366,393
580,Lisbeth,Hancock,lhancockg3@tuttocitta.it,Female,121,8,291,286,493,427,260,553,306,528
581,Dniren,McGirr,dmcgirrg4@freewebs.com,Female,506,311,399,99,556,492,328,482,265,243
582,Friederike,Cocks,fcocksg5@hibu.com,Female,290,120,122,37,518,450,175,464,416,135
583,Christean,Meynell,cmeynellg6@chicagotribune.com,Female,172,63,449,30,314,212,196,263,400,569
584,Fallon,Dalwood,fdalwoodg7@cargocollective.com,Female,173,318,418,484,462,500,199,503,233,375
585,Ryann,Kipping,rkippingg8@blogger.com,Female,9,10,280,119,360,235,411,465,540,406
586,Robena,Covill,rcovillg9@imgur.com,Female,490,255,304,374,281,132,175,143,231,123
587,Joey,Kuhwald,jkuhwaldga@google.ru,Agender,550,468,349,283,329,458,198,344,242,114
588,Vannie,Methringham,vmethringhamgb@nsw.gov.au,Female,502,456,576,180,396,54,214,178,143,399
589,Janene,Peachey,jpeacheygc@umich.edu,Female,279,30,487,102,44,47,134,552,486,130
590,Hilario,Babber,hbabbergd@about.me,Male,457,360,496,483,259,440,260,248,471,284
591,Korney,Hawgood,khawgoodge@ehow.com,Agender,453,401,223,311,200,389,437,261,353,358
592,Gordy,Stampe,gstampegf@sohu.com,Male,93,13,345,280,548,211,308,515,245,141
593,Peri,Wilmington,pwilmingtongg@globo.com,Female,577,181,382,573,39,391,292,108,142,130
594,Marlin,Slimon,mslimongh@ibm.com,Male,563,91,480,536,434,151,317,99,436,539
595,Juli,Bahlmann,jbahlmanngi@umn.edu,Female,93,540,452,150,94,552,501,446,161,452
596,Monti,Rowbotham,mrowbothamgj@gizmodo.com,Male,3,268,494,541,162,133,108,320,568,303
597,Orelee,Frangione,ofrangionegk@twitpic.com,Female,198,535,29,182,539,428,313,424,180,197
598,Harland,Locket,hlocketgl@amazon.co.uk,Male,350,70,54,564,350,152,238,549,302,373
599,Holden,Rayworth,hrayworthgm@prnewswire.com,Male,533,37,274,35,380,570,62,344,550,317
600,Hildegaard,Stiffell,hstiffellgn@amazon.com,Female,211,300,456,355,186,478,429,202,339,515
601,Madella,Newey,mneweygo@liveinternet.ru,Agender,578,358,510,200,421,427,525,266,236,246
602,Shelli,Robbel,srobbelgp@scientificamerican.com,Female,253,379,169,39,406,160,310,410,89,146
603,Cissiee,Chisnall,cchisnallgq@google.ca,Female,56,369,210,286,170,257,350,435,560,240
604,Haze,Bruneton,hbrunetongr@dion.ne.jp,Male,366,332,473,59,491,458,121,521,147,572
605,Torrin,Baron,tbarongs@icq.com,Male,13,558,293,516,314,525,323,411,417,427
606,Benson,Dadd,bdaddgt@vinaora.com,Male,488,504,124,375,117,474,179,200,84,414
607,Jeannie,Garth,jgarthgu@bandcamp.com,Female,92,302,26,272,444,431,92,85,173,297
608,Betteann,Trewman,btrewmangv@accuweather.com,Female,40,73,513,509,132,215,337,492,434,108
609,Monte,Rowthorn,mrowthorngw@meetup.com,Male,202,119,105,472,219,374,444,576,135,396
610,Catharine,Pauwel,cpauwelgx@chronoengine.com,Female,349,419,74,43,391,104,96,392,317,400
611,Steffie,Gillespey,sgillespeygy@privacy.gov.au,Female,58,550,568,93,476,181,213,61,560,512
612,Lela,Colquhoun,lcolquhoungz@xinhuanet.com,Female,279,208,296,363,283,158,143,190,520,467
613,Tallulah,Morrilly,tmorrillyh0@vimeo.com,Female,488,412,166,542,300,222,231,579,213,101
614,Cissy,Anney,canneyh1@cpanel.net,Female,351,393,473,262,486,439,56,505,554,260
615,Maxim,Pallister,mpallisterh2@examiner.com,Male,523,396,213,177,540,311,365,512,398,328
616,Pavlov,Idale,pidaleh3@chicagotribune.com,Male,399,53,480,301,211,59,560,109,278,127
617,Bevon,Girardez,bgirardezh4@naver.com,Male,106,436,219,214,491,334,555,274,226,484
618,Weber,Truder,wtruderh5@prnewswire.com,Male,535,465,137,152,490,157,248,544,116,360
619,Tobye,Lawford,tlawfordh6@sun.com,Female,288,31,159,42,116,543,473,98,474,515
620,Noella,Allchorne,nallchorneh7@scribd.com,Female,37,288,276,158,238,187,552,564,507,403
621,Karoly,Gierth,kgierthh8@histats.com,Female,305,110,388,254,86,314,103,485,501,547
622,Ciro,Hiddersley,chiddersleyh9@jugem.jp,Genderfluid,170,98,32,284,155,571,298,204,279,188
623,Carine,Hukins,chukinsha@go.com,Female,358,267,246,100,565,528,394,474,218,417
624,Candi,Rowcliffe,crowcliffehb@bloglovin.com,Female,462,90,213,63,287,92,93,529,93,335
625,Leonard,Bampkin,lbampkinhc@plala.or.jp,Male,567,512,193,55,202,557,120,543,342,201
626,Manolo,Straughan,mstraughanhd@hatena.ne.jp,Male,475,284,124,355,178,295,139,358,390,247
627,Jamie,Crowche,jcrowchehe@domainmarket.com,Male,367,252,89,47,422,372,311,115,360,580
628,Pat,Greenough,pgreenoughhf@usnews.com,Female,44,107,477,312,338,439,468,440,222,363
629,Richmond,Rainard,rrainardhg@blogtalkradio.com,Male,368,367,510,312,32,46,399,542,194,344
630,Tim,Horburgh,thorburghhh@rambler.ru,Female,402,217,304,405,88,437,427,507,249,365
631,Yvon,Guitt,yguitthi@addthis.com,Male,374,193,398,346,309,399,506,317,207,343
632,Katharine,Lilywhite,klilywhitehj@slashdot.org,Female,572,48,272,153,34,369,88,66,333,335
633,Arty,Doddridge,adoddridgehk@linkedin.com,Male,134,309,162,399,425,35,221,71,139,404
634,Xaviera,Quennell,xquennellhl@wix.com,Female,450,323,469,316,457,333,92,426,245,270
635,Eldridge,Longea,elongeahm@about.me,Male,396,17,346,351,156,324,89,126,68,388
636,Randie,Paolucci,rpaoluccihn@fda.gov,Male,187,328,374,197,574,179,503,80,258,406
637,Bambi,Wickardt,bwickardtho@4shared.com,Female,303,2,31,430,271,460,256,244,240,483
638,Wilma,Wignall,wwignallhp@prlog.org,Female,531,400,34,394,182,376,162,115,265,266
639,Perceval,Trevna,ptrevnahq@geocities.com,Genderqueer,186,2,137,458,280,131,149,177,498,383
640,Tybi,Bister,tbisterhr@cdc.gov,Female,92,449,381,328,549,225,221,507,559,507
641,Chase,Leggis,cleggishs@netlog.com,Genderqueer,332,45,419,461,213,163,197,68,398,138
642,Elisabet,Iacovucci,eiacovucciht@dailymotion.com,Female,139,499,545,412,472,550,491,105,408,405
643,Miran,Viollet,mviollethu@t-online.de,Female,418,182,62,387,489,112,580,191,240,470
644,Emilee,Matchett,ematchetthv@mlb.com,Female,317,26,171,423,351,573,171,131,90,435
645,Swen,Colrein,scolreinhw@mlb.com,Male,8,515,31,126,80,296,92,531,529,536
646,Ruthanne,Pawden,rpawdenhx@lulu.com,Female,535,457,158,439,58,338,199,211,455,545
647,Reinhard,Postlethwaite,rpostlethwaitehy@wunderground.com,Bigender,445,206,138,386,487,298,307,295,222,125
648,Tallulah,Belbin,tbelbinhz@dailymotion.com,Female,335,362,164,443,448,211,543,400,62,174
649,Goldina,Lidgerton,glidgertoni0@dailymail.co.uk,Female,557,266,337,425,280,399,315,530,355,518
650,Tammara,Pencott,tpencotti1@craigslist.org,Female,76,272,480,255,189,556,298,438,137,273
651,Jacquelin,Katz,jkatzi2@constantcontact.com,Female,526,20,425,184,390,334,250,512,218,134
652,Stormie,Tampion,stampioni3@statcounter.com,Female,88,564,533,395,275,299,70,532,510,311
653,Dyane,Manktelow,dmanktelowi4@simplemachines.org,Female,125,210,140,574,117,293,451,404,543,362
654,Ilyssa,Abramowitch,iabramowitchi5@huffingtonpost.com,Female,180,302,159,92,577,306,163,245,534,235
655,Karon,Jecks,kjecksi6@xrea.com,Female,474,280,204,503,156,119,428,274,109,163
656,Antonio,Hubeaux,ahubeauxi7@europa.eu,Male,241,172,293,339,293,203,440,431,189,210
657,Shani,Bavridge,sbavridgei8@google.ca,Polygender,371,204,561,509,311,392,310,314,398,252
658,Dieter,Everleigh,deverleighi9@state.tx.us,Male,40,558,293,518,244,482,172,339,459,236
659,Freddie,Stoakes,fstoakesia@hubpages.com,Female,456,127,445,95,56,505,326,125,155,155
660,Sheelah,Cobbing,scobbingib@gov.uk,Female,576,314,391,509,45,408,196,473,484,279
661,Noellyn,Wankel,nwankelic@businesswire.com,Female,544,84,413,298,517,220,466,562,565,466
662,Erinn,Tideswell,etideswellid@drupal.org,Female,99,206,163,292,181,323,373,399,452,474
663,Ahmad,Nichol,anicholie@goo.ne.jp,Male,275,122,34,287,223,153,489,271,468,455
664,Urban,Bloggett,ubloggettif@tuttocitta.it,Male,21,315,189,160,572,75,400,125,521,103
665,Barny,Clementet,bclementetig@nyu.edu,Male,386,177,260,532,415,351,415,535,568,552
666,Terri,Garley,tgarleyih@auda.org.au,Female,563,1,185,229,517,461,220,85,390,545
667,Frederigo,Van Schafflaer,fvanschafflaerii@opensource.org,Male,235,97,48,390,162,505,564,553,61,432
668,Gaven,Asel,gaselij@instagram.com,Male,553,500,251,353,256,143,478,131,350,335
669,Kaitlynn,Treace,ktreaceik@walmart.com,Female,56,319,85,375,266,494,302,488,445,437
670,Carlie,Gartell,cgartellil@hud.gov,Male,411,553,494,105,76,186,312,313,86,150
671,Darwin,O'Malley,domalleyim@ed.gov,Male,28,302,166,233,568,549,332,177,478,430
672,Linnea,Angelini,langeliniin@vinaora.com,Female,47,187,305,241,336,485,338,465,521,255
673,Abbie,Petrou,apetrouio@twitter.com,Female,61,60,117,252,78,242,350,346,470,216
674,Hulda,Pleasants,hpleasantsip@ed.gov,Genderqueer,298,240,215,507,64,512,431,86,207,472
675,Artemas,Episcopio,aepiscopioiq@netvibes.com,Male,246,433,475,537,506,166,303,418,412,357
676,Milicent,Ebrall,mebrallir@springer.com,Female,378,580,177,326,267,460,335,401,449,224
677,Christal,Longea,clongeais@gmpg.org,Female,192,325,515,479,151,42,312,529,401,100
678,Ursulina,Guislin,uguislinit@reverbnation.com,Female,547,508,113,85,300,534,545,238,352,132
679,Dierdre,Fass,dfassiu@gravatar.com,Female,464,465,515,246,125,177,98,129,332,562
680,Abeu,Vakhonin,avakhoniniv@canalblog.com,Male,437,100,142,269,257,103,151,75,165,453
681,Susi,Brunel,sbruneliw@opensource.org,Female,202,531,258,175,241,213,117,398,425,240
682,Missy,Houldcroft,mhouldcroftix@telegraph.co.uk,Polygender,201,8,548,384,107,374,555,435,113,272
683,Dacia,Mariette,dmarietteiy@ning.com,Female,388,283,254,371,87,332,554,481,312,521
684,Alaine,Dilon,adiloniz@phpbb.com,Female,7,146,279,531,344,262,140,493,530,353
685,Barclay,Brackstone,bbrackstonej0@ucoz.ru,Male,550,390,12,270,270,391,327,102,542,125
686,Monique,Wynne,mwynnej1@discovery.com,Polygender,131,98,199,460,216,407,135,232,426,256
687,Diena,Herche,dherchej2@washingtonpost.com,Female,194,330,44,268,340,138,191,131,103,384
688,Cordy,Flecknoe,cflecknoej3@barnesandnoble.com,Female,353,12,493,233,151,503,68,558,539,361
689,Scotti,Lavens,slavensj4@yolasite.com,Male,297,294,361,371,253,432,124,142,559,474
690,Dru,Brunstan,dbrunstanj5@shinystat.com,Male,13,52,277,212,275,484,431,158,510,425
691,Anett,Budgey,abudgeyj6@ustream.tv,Female,554,122,386,36,303,186,371,423,186,266
692,Ryley,Rowland,rrowlandj7@cargocollective.com,Male,299,529,40,576,180,99,505,239,225,519
693,Kirbie,Vennart,kvennartj8@google.fr,Female,510,465,33,294,107,219,487,225,67,437
694,Rutger,Guiraud,rguiraudj9@fc2.com,Male,253,477,552,43,135,156,114,237,79,105
695,Henryetta,Gridon,hgridonja@bbb.org,Female,440,194,342,130,204,399,394,332,420,527
696,Chen,Jenckes,cjenckesjb@shop-pro.jp,Male,333,257,377,265,283,120,470,321,340,456
697,Bernie,Iggalden,biggaldenjc@hao123.com,Male,153,577,530,114,525,232,212,202,564,252
698,Herbie,Tran,htranjd@army.mil,Male,37,16,228,563,81,392,160,502,239,476
699,Claire,Giacopello,cgiacopelloje@archive.org,Male,368,194,342,366,327,266,501,520,174,317
700,Marty,Claige,mclaigejf@dropbox.com,Male,540,473,423,554,328,494,64,416,548,244
701,Kimmy,McCarry,kmccarryjg@illinois.edu,Female,134,24,502,51,568,562,297,74,136,156
702,Chev,Burdin,cburdinjh@aol.com,Male,145,233,546,107,77,453,430,372,398,247
703,Dunn,MacIllrick,dmacillrickji@dedecms.com,Male,45,514,72,93,316,292,477,377,567,183
704,Isis,Box,iboxjj@salon.com,Non-binary,394,387,388,515,568,138,428,398,325,117
705,Erik,Paszak,epaszakjk@mediafire.com,Male,500,404,141,183,498,544,526,556,481,555
706,Adler,Blazeby,ablazebyjl@technorati.com,Genderfluid,183,439,36,56,437,122,58,560,144,138
707,Evangelia,Paulich,epaulichjm@google.com.br,Bigender,339,330,92,185,497,387,117,243,99,366
708,Phillie,Vinter,pvinterjn@omniture.com,Female,542,71,187,81,223,224,459,114,337,186
709,Em,Berwick,eberwickjo@freewebs.com,Agender,326,160,340,482,438,407,564,554,542,195
710,Cosetta,Bowne,cbownejp@smugmug.com,Female,195,365,98,176,374,263,140,347,436,441
711,Towny,Constantinou,tconstantinoujq@homestead.com,Male,65,131,389,371,270,554,438,143,96,472
712,Hogan,Dowdall,hdowdalljr@cbc.ca,Male,348,298,550,85,297,152,568,177,447,133
713,Kelila,Killick,kkillickjs@blogs.com,Female,300,372,565,467,361,336,577,209,186,346
714,Whitney,Aukland,wauklandjt@surveymonkey.com,Male,223,510,438,58,161,219,484,519,105,304
715,Carlie,Wyllis,cwyllisju@phoca.cz,Female,137,176,192,492,297,480,530,451,260,305
716,Francine,McManus,fmcmanusjv@ca.gov,Female,38,288,191,523,363,58,71,263,408,172
717,Merrel,Widdowfield,mwiddowfieldjw@biglobe.ne.jp,Male,411,2,498,116,326,228,572,384,137,285
718,Candice,Hannond,channondjx@free.fr,Female,128,100,53,565,371,176,109,213,400,430
719,Travers,Botler,tbotlerjy@yahoo.com,Male,330,398,196,225,408,76,442,284,68,104
720,Sallie,Petrillo,spetrillojz@instagram.com,Female,94,272,253,521,323,308,437,425,148,135
721,Sasha,Orwell,sorwellk0@usnews.com,Male,426,260,13,79,354,229,562,418,355,462
722,Grenville,Crosfeld,gcrosfeldk1@webmd.com,Male,189,154,154,171,548,40,99,322,65,528
723,Kaylil,Thirsk,kthirskk2@utexas.edu,Female,192,246,64,426,494,547,402,516,75,179
724,Gerty,Exeter,gexeterk3@lycos.com,Female,497,362,337,434,376,57,433,386,339,259
725,Daron,Hammerich,dhammerichk4@businesswire.com,Genderfluid,199,353,141,400,375,236,243,472,522,446
726,Hilda,Kubelka,hkubelkak5@mapquest.com,Female,521,513,94,318,197,96,366,472,505,394
727,Tuck,O'Hagirtie,tohagirtiek6@stumbleupon.com,Male,265,575,399,141,450,533,506,572,567,174
728,Kristyn,Skittreal,kskittrealk7@cornell.edu,Female,122,160,371,67,214,534,489,257,402,394
729,Seumas,Huncote,shuncotek8@narod.ru,Male,381,150,303,318,307,113,311,79,303,245
730,Marlow,Conws,mconwsk9@uol.com.br,Male,450,487,199,414,329,287,272,184,84,381
731,Candide,Kemmet,ckemmetka@cnet.com,Female,77,217,220,531,38,541,547,424,452,142
732,Birgitta,Lamke,blamkekb@reddit.com,Female,13,81,473,465,150,243,266,418,398,140
733,Grange,Clynman,gclynmankc@livejournal.com,Male,434,313,100,87,395,429,364,99,307,486
734,Francis,Stockle,fstocklekd@npr.org,Male,413,100,296,162,59,57,116,320,437,188
735,Karim,Roe,kroeke@phpbb.com,Male,268,185,104,385,359,174,457,324,562,324
736,Stanwood,De Morena,sdemorenakf@zdnet.com,Male,348,318,366,467,231,342,251,487,290,231
737,Archibaldo,Beck,abeckkg@wiley.com,Male,369,438,133,335,184,330,545,288,471,204
738,Agnola,Mousby,amousbykh@networkadvertising.org,Female,21,112,198,235,523,76,191,556,358,357
739,Arthur,Pendleton,apendletonki@so-net.ne.jp,Male,433,533,20,388,266,45,79,160,525,236
740,Alden,Keoghane,akeoghanekj@springer.com,Male,245,127,70,188,337,407,533,169,563,412
741,Mala,Clemon,mclemonkk@topsy.com,Female,424,140,490,388,354,60,424,267,117,539
742,Beverley,Aslett,baslettkl@sohu.com,Female,557,279,33,334,213,509,312,382,404,534
743,Barnett,De Meyer,bdemeyerkm@ftc.gov,Male,313,109,367,207,217,179,165,164,561,204
744,Kaleb,Lochet,klochetkn@omniture.com,Male,216,544,352,42,447,465,203,80,268,303
745,Caren,Bunnell,cbunnellko@house.gov,Female,267,430,422,62,328,512,117,192,455,184
746,Beverley,Esby,besbykp@homestead.com,Female,513,112,345,184,275,534,302,346,453,157
747,Franklyn,Farquar,ffarquarkq@ft.com,Male,89,361,268,104,539,381,267,61,402,248
748,Hussein,Stretton,hstrettonkr@comcast.net,Male,154,36,334,262,57,288,219,422,97,457
749,Juli,Loeber,jloeberks@storify.com,Female,47,226,498,150,376,471,430,397,153,369
750,Fionnula,Bridgewood,fbridgewoodkt@goo.ne.jp,Female,387,132,572,283,208,234,432,339,142,191
751,Calla,Corbie,ccorbieku@spotify.com,Female,434,109,159,331,179,251,237,174,127,274
752,Marji,Akerman,makermankv@sciencedirect.com,Female,52,65,245,280,289,460,252,397,121,454
753,Nicolea,Rudkin,nrudkinkw@statcounter.com,Female,97,51,354,295,121,95,537,179,415,195
754,Gray,Talloe,gtalloekx@xinhuanet.com,Male,232,56,433,421,172,237,471,311,465,127
755,Emylee,Pearde,epeardeky@rambler.ru,Female,339,109,304,241,346,481,493,281,361,241
756,Odetta,Feeley,ofeeleykz@java.com,Agender,527,166,215,93,563,197,368,397,339,315
757,Elladine,Lovejoy,elovejoyl0@cloudflare.com,Female,275,480,455,227,418,148,163,355,356,507
758,Samantha,Redferne,sredfernel1@w3.org,Female,574,87,516,268,320,129,151,317,415,520
759,Rossy,Cuell,rcuelll2@arizona.edu,Male,402,287,380,255,557,439,188,221,355,236
760,Nelly,Godrich,ngodrichl3@unblog.fr,Female,520,405,79,496,67,217,156,460,62,163
761,Andreana,Merchant,amerchantl4@etsy.com,Female,273,289,576,530,216,230,482,263,448,576
762,Nisse,Halfhyde,nhalfhydel5@senate.gov,Female,86,205,26,115,112,457,151,315,575,495
763,Garfield,Szwarc,gszwarcl6@imdb.com,Male,326,212,509,58,471,316,280,226,504,505
764,Claudine,Youtead,cyouteadl7@digg.com,Female,106,227,569,282,276,449,128,269,397,575
765,Claudelle,Mileham,cmilehaml8@lycos.com,Female,119,434,522,191,188,115,237,136,422,303
766,Marianna,Riehm,mriehml9@nyu.edu,Female,494,464,358,96,451,325,294,260,483,171
767,Sasha,Grzegorczyk,sgrzegorczykla@nbcnews.com,Female,139,116,445,114,551,230,370,345,546,396
768,Celestina,Polgreen,cpolgreenlb@tumblr.com,Non-binary,272,476,350,494,542,88,432,484,269,439
769,Rakel,Degan,rdeganlc@vk.com,Female,580,532,478,229,478,267,119,367,96,571
770,Bailey,Eilhersen,beilhersenld@va.gov,Genderqueer,431,31,483,327,416,159,97,195,449,319
771,Fredia,Van Niekerk,fvanniekerkle@cyberchimps.com,Female,438,514,461,250,322,199,161,115,69,319
772,Salvatore,O'Deegan,sodeeganlf@youku.com,Polygender,259,395,450,369,436,270,118,533,541,393
773,Micheal,Eggleton,meggletonlg@sourceforge.net,Male,120,70,186,533,482,98,173,327,345,518
774,Nestor,Lindenbaum,nlindenbaumlh@fc2.com,Genderqueer,102,513,299,548,145,124,83,367,247,512
775,Eleonora,Barehead,ebareheadli@ftc.gov,Female,180,521,194,147,191,122,331,535,533,295
776,Devlen,Nazaret,dnazaretlj@google.cn,Male,528,494,58,402,477,122,62,181,77,435
777,Ferdinand,Aronin,faroninlk@spiegel.de,Male,346,410,234,572,241,450,505,257,513,292
778,Gustav,Omand,gomandll@kickstarter.com,Male,569,48,324,178,275,476,313,171,544,517
779,Rawley,Bassford,rbassfordlm@cpanel.net,Male,0,475,449,179,518,396,278,157,240,166
780,Thebault,Edyson,tedysonln@reddit.com,Male,487,283,324,538,476,368,149,545,346,233
781,Damon,Blemings,dblemingslo@feedburner.com,Male,443,4,341,516,32,89,388,168,122,416
782,Sadie,Kuhlen,skuhlenlp@istockphoto.com,Female,467,141,83,259,417,156,372,504,244,570
783,Durand,Byles,dbyleslq@opera.com,Male,270,562,304,71,173,107,324,91,167,504
784,Bobbie,Challice,bchallicelr@nba.com,Female,371,142,228,235,323,143,444,68,93,484
785,Tiphany,Caroll,tcarollls@jiathis.com,Female,469,333,145,312,160,131,436,173,331,358
786,Waylen,Videler,wvidelerlt@admin.ch,Male,302,67,42,121,111,85,174,547,279,331
787,Ola,Ortells,oortellslu@phpbb.com,Female,110,93,379,70,556,208,145,308,239,108
788,Christopher,Scambler,cscamblerlv@lycos.com,Male,360,393,167,450,103,274,373,127,100,247
789,Tanney,Loseby,tlosebylw@slashdot.org,Agender,323,189,101,317,240,122,53,381,287,340
790,Jerry,Etienne,jetiennelx@nydailynews.com,Male,37,268,432,341,207,37,246,294,417,173
791,Araldo,Meas,ameasly@surveymonkey.com,Agender,210,416,480,437,212,156,132,435,191,147
792,Rhoda,Hoggins,rhogginslz@mac.com,Female,286,230,224,53,165,101,294,242,231,107
793,Gibb,Jakaway,gjakawaym0@a8.net,Male,82,424,336,304,200,460,319,558,543,404
794,Hal,Woodvine,hwoodvinem1@discovery.com,Male,103,1,174,204,191,545,492,352,434,217
795,Tonya,Yankeev,tyankeevm2@last.fm,Genderqueer,175,287,411,317,340,577,313,147,417,208
796,Gizela,MacCheyne,gmaccheynem3@webmd.com,Female,402,338,43,346,558,48,403,523,401,180
797,Kimberley,Colvie,kcolviem4@newsvine.com,Female,231,336,215,357,572,486,303,412,360,463
798,Laurel,Zecchini,lzecchinim5@fotki.com,Female,34,27,98,377,106,555,388,459,90,200
799,Bronson,Tees,bteesm6@oaic.gov.au,Male,420,59,394,94,261,448,187,364,537,551
800,Kenyon,Stalman,kstalmanm7@mediafire.com,Male,112,181,13,187,174,336,127,323,407,405
801,Nev,Gillespey,ngillespeym8@fda.gov,Male,556,391,78,457,110,337,450,418,477,158
802,Daphna,Cavaney,dcavaneym9@nsw.gov.au,Female,536,541,527,378,361,113,359,481,235,249
803,Ruby,Wind,rwindma@tmall.com,Female,571,66,281,301,451,472,82,114,491,349
804,Corney,Ballham,cballhammb@japanpost.jp,Male,310,8,263,99,200,403,155,425,186,362
805,Effie,Kindle,ekindlemc@virginia.edu,Female,555,68,405,297,399,336,501,468,490,472
806,Delia,Gorman,dgormanmd@fastcompany.com,Female,43,72,474,175,545,41,267,560,449,462
807,Lyle,Barok,lbarokme@guardian.co.uk,Male,106,376,75,162,338,548,512,493,315,130
808,Kirbie,Houndesome,khoundesomemf@usa.gov,Female,204,127,334,218,569,187,78,104,156,309
809,Beulah,McCullock,bmccullockmg@hao123.com,Female,568,106,403,449,318,238,206,86,550,219
810,Zenia,Jodlowski,zjodlowskimh@deviantart.com,Agender,502,284,395,545,393,377,542,493,290,579
811,Patrizius,Wordley,pwordleymi@amazonaws.com,Male,312,354,13,338,174,346,87,415,331,172
812,Nickey,Malone,nmalonemj@wp.com,Male,467,256,442,238,199,299,427,484,124,440
813,Mart,Graddon,mgraddonmk@ocn.ne.jp,Male,495,301,313,580,130,223,551,434,477,456
814,Carlin,Stanning,cstanningml@ucsd.edu,Male,27,200,215,159,205,537,310,389,434,226
815,Amby,Schumacher,aschumachermm@sciencedirect.com,Agender,198,75,127,566,530,482,547,382,68,132
816,Emanuel,Daveley,edaveleymn@acquirethisname.com,Male,580,384,475,551,226,143,440,410,69,235
817,Nanete,Foden,nfodenmo@clickbank.net,Female,301,464,556,243,444,536,287,370,461,147
818,Robb,Pammenter,rpammentermp@flavors.me,Male,97,145,439,545,37,508,440,147,204,251
819,Millard,Callinan,mcallinanmq@va.gov,Male,157,246,193,256,259,478,80,460,96,445
820,Brew,Highnam,bhighnammr@irs.gov,Male,195,527,456,194,507,268,152,423,242,198
821,Lavinia,Bridgewood,lbridgewoodms@pinterest.com,Female,496,252,455,41,478,252,332,96,358,282
822,Krystyna,Hryskiewicz,khryskiewiczmt@un.org,Female,436,448,45,432,134,338,577,120,139,106
823,Denna,Edgeon,dedgeonmu@google.fr,Female,111,109,317,181,464,440,191,128,464,304
824,Jone,Raymont,jraymontmv@netlog.com,Non-binary,31,95,105,398,72,273,363,156,547,511
825,Laura,Aitken,laitkenmw@bandcamp.com,Female,486,417,60,115,429,359,399,124,287,411
826,Shanie,Paladino,spaladinomx@phoca.cz,Female,460,516,195,38,59,544,109,82,394,155
827,Clerkclaude,Corneil,ccorneilmy@geocities.jp,Male,266,563,275,267,569,557,392,352,285,300
828,Gena,Mangenet,gmangenetmz@columbia.edu,Female,568,296,122,372,480,393,376,468,468,487
829,Mercie,Daintree,mdaintreen0@amazon.de,Female,274,35,527,292,193,327,156,536,131,460
830,Miran,Willavoys,mwillavoysn1@opera.com,Female,70,165,290,567,513,149,512,319,87,328
831,Terencio,McIlheran,tmcilherann2@indiatimes.com,Male,372,120,342,361,450,175,555,76,112,577
832,Bord,Chisnell,bchisnelln3@desdev.cn,Male,218,561,542,37,353,113,466,357,494,269
833,Giles,Roache,groachen4@umn.edu,Polygender,426,207,450,381,167,430,351,375,538,499
834,Sandro,MacLeod,smacleodn5@irs.gov,Male,549,341,147,316,267,442,58,277,263,558
835,Alyce,Ewestace,aewestacen6@linkedin.com,Female,183,531,392,469,357,255,491,431,401,427
836,Arin,Solomonides,asolomonidesn7@odnoklassniki.ru,Male,546,448,135,161,393,516,265,105,471,549
837,Dena,Ilyin,dilyinn8@cbslocal.com,Female,186,465,143,558,417,299,193,504,469,222
838,Annadiane,Assinder,aassindern9@free.fr,Female,577,435,22,166,66,568,234,513,301,333
839,Alicia,Fisbey,afisbeyna@engadget.com,Female,369,534,558,305,552,568,66,374,559,110
840,Shelton,Key,skeynb@unc.edu,Male,113,198,447,363,104,131,53,529,68,540
841,Haroun,Dunford,hdunfordnc@nydailynews.com,Male,545,135,428,193,479,343,70,264,322,226
842,Carroll,Inett,cinettnd@army.mil,Female,256,260,407,69,385,423,272,478,489,391
843,Sonya,Gearing,sgearingne@seesaa.net,Polygender,80,204,184,483,465,287,530,369,149,351
844,Louie,Lysons,llysonsnf@weibo.com,Male,129,544,514,137,238,260,493,212,152,364
845,Imojean,Jaqueminet,ijaqueminetng@istockphoto.com,Female,87,84,487,450,102,195,444,483,176,392
846,Jacynth,Gibb,jgibbnh@imdb.com,Female,301,534,83,354,415,347,408,528,246,198
847,Beltran,Josowitz,bjosowitzni@google.de,Bigender,567,529,415,452,294,285,151,435,541,423
848,Bruce,Nix,bnixnj@simplemachines.org,Male,91,478,557,31,210,301,209,61,518,304
849,Vita,Shoebridge,vshoebridgenk@sun.com,Genderqueer,485,61,187,185,39,553,541,559,88,179
850,Carmon,Barringer,cbarringernl@telegraph.co.uk,Female,165,77,574,289,40,283,560,513,155,506
851,Linnie,Colman,lcolmannm@prweb.com,Female,534,518,233,182,295,504,234,316,410,311
852,Raynell,Korda,rkordann@baidu.com,Female,210,337,565,467,430,243,565,355,77,337
853,Neille,Minger,nmingerno@go.com,Female,534,438,56,55,377,475,378,386,180,248
854,Inglebert,Swinbourne,iswinbournenp@unblog.fr,Male,116,329,235,526,200,276,505,506,379,495
855,Wes,Taye,wtayenq@wunderground.com,Male,166,105,395,56,220,412,554,244,526,381
856,Clary,Coughan,ccoughannr@homestead.com,Female,282,27,166,118,239,440,184,456,353,186
857,Munroe,Bloomer,mbloomerns@statcounter.com,Polygender,268,213,211,293,345,324,74,106,161,227
858,Alma,Sturt,asturtnt@bravesites.com,Female,144,125,214,76,208,259,129,97,504,326
859,Vito,Garroch,vgarrochnu@goo.ne.jp,Male,153,51,564,515,238,318,360,388,246,422
860,Forester,Ainsworth,fainsworthnv@icq.com,Male,0,13,564,98,373,385,407,380,349,245
861,Mariquilla,Doumerque,mdoumerquenw@quantcast.com,Female,94,333,383,201,281,432,433,83,392,453
862,Reuben,Vasse,rvassenx@symantec.com,Male,488,358,11,137,266,490,384,229,293,206
863,Rourke,Calyton,rcalytonny@craigslist.org,Male,119,455,397,320,439,543,508,66,383,348
864,Georgiana,Klaussen,gklaussennz@ucoz.com,Female,367,130,91,435,306,120,329,247,472,528
865,Kennett,Pothecary,kpothecaryo0@sakura.ne.jp,Male,346,562,247,66,339,63,107,324,60,485
866,Binky,Clurow,bclurowo1@cam.ac.uk,Male,340,498,268,275,325,305,276,229,366,477
867,Godfry,Luchelli,gluchellio2@biglobe.ne.jp,Male,225,121,292,86,450,377,199,406,182,140
868,Genia,Sighard,gsighardo3@moonfruit.com,Female,83,224,521,180,328,343,520,231,241,406
869,Cesare,Trowsdale,ctrowsdaleo4@springer.com,Genderfluid,400,111,519,123,351,409,358,451,428,494
870,Silas,Kondratenya,skondratenyao5@sun.com,Male,484,104,451,167,530,76,452,274,330,193
871,Barr,Mapholm,bmapholmo6@google.cn,Male,239,550,108,473,495,130,408,542,352,217
872,Geri,Winterbourne,gwinterbourneo7@army.mil,Male,515,124,154,552,424,160,357,175,349,459
873,Justinn,Lippard,jlippardo8@constantcontact.com,Female,124,436,557,77,389,421,389,339,503,134
874,Clarey,Banker,cbankero9@cdbaby.com,Female,284,518,218,143,320,556,202,503,64,162
875,Kirsten,Sargant,ksargantoa@arizona.edu,Female,131,495,89,381,113,554,249,334,125,254
876,Tasha,Tour,ttourob@google.co.jp,Female,256,196,46,128,514,277,536,127,464,364
877,Freeland,Ailmer,failmeroc@freewebs.com,Male,540,469,329,385,495,434,184,463,61,450
878,Chad,Jados,cjadosod@163.com,Male,483,199,364,397,261,131,155,529,230,332
879,Goldarina,Bernasek,gbernasekoe@pinterest.com,Female,116,103,159,108,495,122,166,567,300,351
880,Simona,Dewane,sdewaneof@csmonitor.com,Female,532,129,436,558,76,546,90,549,320,384
881,Graehme,Kier,gkierog@furl.net,Male,178,354,359,433,155,128,68,476,138,303
882,Irvin,Bollis,ibollisoh@livejournal.com,Male,96,439,387,471,93,235,295,336,318,332
883,Dody,Robbey,drobbeyoi@utexas.edu,Polygender,138,33,179,536,499,425,297,407,237,167
884,Damien,Wedmore,dwedmoreoj@amazon.co.jp,Male,101,212,524,178,205,259,126,438,521,436
885,Iver,Alvis,ialvisok@kickstarter.com,Male,505,443,228,288,516,449,565,516,470,380
886,Blair,Dabling,bdablingol@qq.com,Agender,414,351,37,305,423,430,578,253,346,454
887,Abdel,Sangwin,asangwinom@berkeley.edu,Male,138,134,260,102,390,494,230,195,205,125
888,Ware,Epton,weptonon@economist.com,Male,173,244,376,445,558,292,371,333,476,220
889,Neila,Aiken,naikenoo@stumbleupon.com,Female,423,29,10,365,212,574,403,413,222,258
890,Itch,Corain,icorainop@google.fr,Male,426,485,529,187,428,47,91,65,181,276
891,Arel,Dugmore,adugmoreoq@foxnews.com,Male,149,73,168,444,192,212,350,473,323,393
892,Reta,Cullingworth,rcullingworthor@pinterest.com,Female,202,448,435,253,140,391,263,571,220,378
893,Carolynn,Howgego,chowgegoos@homestead.com,Female,414,513,226,519,176,545,200,68,414,417
894,Darrin,Climson,dclimsonot@bloomberg.com,Male,131,455,223,241,569,218,183,410,539,249
895,Gasparo,Kyngdon,gkyngdonou@xinhuanet.com,Male,70,354,388,278,463,479,108,382,97,155
896,Bernadette,Baalham,bbaalhamov@sina.com.cn,Polygender,140,153,450,434,534,39,435,95,464,254
897,Anjanette,Stemp,astempow@reference.com,Female,352,228,410,370,488,161,57,317,549,324
898,Ritchie,Sibery,rsiberyox@vkontakte.ru,Genderqueer,330,558,110,211,478,51,148,185,399,550
899,Martina,Purser,mpurseroy@auda.org.au,Female,97,112,441,291,323,459,100,277,203,316
900,Shanie,Watman,swatmanoz@illinois.edu,Genderqueer,131,420,376,466,91,141,515,495,150,292
901,Brand,Acres,bacresp0@furl.net,Male,74,470,83,328,461,199,395,429,552,377
902,Charmine,Petersen,cpetersenp1@businessweek.com,Female,253,458,122,196,339,369,502,557,414,400
903,Ethelred,Barfoot,ebarfootp2@imdb.com,Male,408,580,36,168,508,347,424,498,212,527
904,Roselin,Wilber,rwilberp3@gravatar.com,Female,161,104,105,351,559,97,99,426,274,525
905,Cordy,Amsden,camsdenp4@w3.org,Male,335,309,255,300,280,181,436,178,484,541
906,Juliet,Sprakes,jsprakesp5@pinterest.com,Bigender,140,329,504,419,164,316,181,299,245,420
907,Birch,Felce,bfelcep6@bandcamp.com,Male,450,367,178,190,201,379,293,198,494,418
908,Rheba,Nuschke,rnuschkep7@state.gov,Female,558,155,255,426,122,171,148,546,403,353
909,Jerrie,Fowls,jfowlsp8@comsenz.com,Genderqueer,401,534,21,351,210,457,450,126,140,446
910,Dory,Gorwood,dgorwoodp9@craigslist.org,Male,164,332,559,318,213,138,452,335,144,432
911,Pat,Kellington,pkellingtonpa@dmoz.org,Female,325,455,401,424,105,340,562,495,330,539
912,Cleve,Fencott,cfencottpb@senate.gov,Male,360,182,85,85,338,162,253,108,417,176
913,Tallulah,Aarons,taaronspc@usnews.com,Female,138,2,85,64,433,489,190,401,557,488
914,Petey,Monnoyer,pmonnoyerpd@mlb.com,Male,230,197,177,116,227,578,338,374,521,349
915,Mercy,Delgado,mdelgadope@spotify.com,Female,324,524,503,224,157,433,116,155,373,501
916,Candace,Aggett,caggettpf@nasa.gov,Non-binary,329,29,28,117,263,114,352,497,333,571
917,Joshia,Wilfing,jwilfingpg@naver.com,Bigender,418,188,489,461,428,79,492,503,187,203
918,Kassie,Spackman,kspackmanph@qq.com,Female,490,460,174,260,208,142,468,508,377,245
919,Carmelia,Inch,cinchpi@nba.com,Female,166,332,377,373,160,395,277,189,337,305
920,Ermina,Petriello,epetriellopj@drupal.org,Genderfluid,337,322,207,528,552,254,176,203,401,470
921,Regen,Gomery,rgomerypk@yellowbook.com,Male,420,325,553,573,348,388,457,151,96,308
922,Mina,Dielhenn,mdielhennpl@myspace.com,Female,94,7,528,326,457,540,166,139,191,303
923,Dominga,Frogley,dfrogleypm@lycos.com,Female,429,190,438,482,187,212,487,418,117,194
924,Wynnie,Greep,wgreeppn@cyberchimps.com,Female,142,181,100,318,291,415,133,167,417,208
925,Tull,Zumbusch,tzumbuschpo@comcast.net,Male,98,127,370,342,203,445,59,364,191,222
926,Dennet,Ferrer,dferrerpp@unesco.org,Male,4,155,217,75,273,412,307,105,313,362
927,Dre,Dundredge,ddundredgepq@theguardian.com,Female,217,563,328,89,353,311,502,446,423,194
928,Junette,McComish,jmccomishpr@discovery.com,Female,317,60,362,97,67,170,107,478,436,275
929,Jemima,Arlt,jarltps@boston.com,Female,29,572,211,107,267,89,510,541,548,346
930,Anitra,Arthars,aartharspt@apache.org,Female,457,327,558,43,479,427,243,377,160,406
931,Rodd,MacKibbon,rmackibbonpu@slashdot.org,Male,454,384,94,45,528,185,114,564,231,237
932,Vanya,Look,vlookpv@springer.com,Female,162,455,343,253,179,117,151,517,548,480
933,Dene,Spensley,dspensleypw@4shared.com,Male,566,536,387,38,322,492,556,217,445,455
934,Denice,Le Quesne,dlequesnepx@spiegel.de,Female,291,546,47,494,518,221,53,96,416,293
935,Kerstin,Timperley,ktimperleypy@freewebs.com,Female,11,380,12,370,564,331,358,171,457,306
936,Marguerite,Negus,mneguspz@wikispaces.com,Genderqueer,68,154,550,524,376,550,528,500,324,511
937,Miguela,Arro,marroq0@weibo.com,Female,520,481,187,472,445,238,273,190,170,276
938,Wally,Sarll,wsarllq1@squarespace.com,Male,512,406,304,151,326,196,488,397,316,353
939,Denys,Brumhead,dbrumheadq2@biblegateway.com,Male,198,418,184,403,145,369,99,301,463,548
940,Kimberli,Waszczyk,kwaszczykq3@cbsnews.com,Female,536,79,315,287,65,506,321,268,87,285
941,Whitney,Iskowitz,wiskowitzq4@weibo.com,Female,416,261,289,178,98,431,399,256,110,375
942,Brendan,Goshawke,bgoshawkeq5@homestead.com,Agender,83,300,280,541,414,317,359,319,391,542
943,Jacki,Webborn,jwebbornq6@house.gov,Female,136,131,98,207,321,192,312,543,88,164
944,Cecilia,Zelner,czelnerq7@hc360.com,Female,533,488,450,143,291,211,350,508,179,383
945,Filippa,Shevels,fshevelsq8@hp.com,Female,496,25,111,480,467,132,199,246,558,332
946,Dario,Piddletown,dpiddletownq9@bizjournals.com,Male,3,281,488,390,61,359,519,73,408,346
947,Timmy,Tuckie,ttuckieqa@marketwatch.com,Male,456,445,454,31,578,398,566,523,443,531
948,Cassius,Storm,cstormqb@ox.ac.uk,Male,348,408,21,267,335,531,392,448,556,243
949,Wadsworth,Gregson,wgregsonqc@dot.gov,Male,393,167,267,223,139,274,163,72,401,168
950,Putnem,Tremmel,ptremmelqd@digg.com,Male,502,344,334,164,142,143,274,528,433,280
951,Marleah,Larway,mlarwayqe@tamu.edu,Female,42,189,119,73,418,481,468,64,210,129
952,Red,Frill,rfrillqf@hostgator.com,Male,481,8,388,329,472,485,436,126,254,402
953,Randi,Grane,rgraneqg@bing.com,Female,414,347,40,315,106,37,259,228,290,464
954,Nikolas,Brasener,nbrasenerqh@loc.gov,Genderfluid,183,92,81,170,66,344,124,102,426,292
955,Drucy,Speeding,dspeedingqi@soup.io,Female,545,277,527,467,388,314,384,299,262,120
956,Vitoria,Hesse,vhesseqj@nhs.uk,Female,426,90,437,198,512,346,269,498,154,338
957,Siusan,Keaysell,skeaysellqk@sbwire.com,Female,67,168,88,507,563,326,177,306,213,353
958,Pennie,Dummett,pdummettql@stumbleupon.com,Non-binary,174,28,477,368,298,232,83,140,130,334
959,Myer,Marcome,mmarcomeqm@forbes.com,Male,566,396,78,78,97,550,522,113,128,108
960,Bellanca,Fridlington,bfridlingtonqn@princeton.edu,Female,193,58,432,321,176,197,330,283,536,227
961,Danit,Abdey,dabdeyqo@booking.com,Female,93,117,203,61,310,189,330,114,274,347
962,Abbey,Lorraine,alorraineqp@flickr.com,Male,547,303,480,430,500,274,421,375,272,202
963,Florette,Seefus,fseefusqq@friendfeed.com,Female,8,83,449,527,142,358,579,103,308,148
964,Arny,Rablan,arablanqr@i2i.jp,Male,96,545,566,439,273,434,149,449,195,159
965,Sande,Swinnerton,sswinnertonqs@clickbank.net,Female,355,11,318,355,222,151,123,148,524,298
966,Lock,Winchcombe,lwinchcombeqt@noaa.gov,Male,467,395,346,388,453,398,218,562,186,245
967,Adlai,Duling,adulingqu@nasa.gov,Male,549,74,384,321,489,540,486,332,367,464
968,Valry,Iacapucci,viacapucciqv@mapquest.com,Female,80,328,353,387,88,294,275,502,122,312
969,Jerry,Gossan,jgossanqw@umn.edu,Male,421,578,182,174,394,237,358,218,64,532
970,Austine,Olligan,aolliganqx@yellowpages.com,Female,123,272,394,156,130,377,86,424,104,146
971,Colet,Draisey,cdraiseyqy@vinaora.com,Male,188,371,166,161,267,69,297,228,96,507
972,Rolfe,Jeckell,rjeckellqz@clickbank.net,Male,113,150,171,466,431,413,466,400,469,302
973,Brittaney,Tappington,btappingtonr0@miitbeian.gov.cn,Female,341,530,490,506,560,421,119,224,90,412
974,Sayers,Kirwan,skirwanr1@reuters.com,Male,138,393,235,511,150,228,471,98,343,373
975,Gabriele,Summons,gsummonsr2@youtu.be,Male,122,512,24,350,77,140,224,317,506,391
976,Friederike,Lowers,flowersr3@unicef.org,Female,262,122,259,264,131,361,141,155,275,395
977,Wynne,Joppich,wjoppichr4@wix.com,Female,371,181,155,340,419,165,386,221,525,295
978,Calida,Casebourne,ccasebourner5@simplemachines.org,Female,432,136,301,424,184,156,525,123,370,465
979,Gavra,Geockle,ggeockler6@skype.com,Genderqueer,541,64,413,215,550,125,470,520,218,580
980,Keene,McAndie,kmcandier7@state.tx.us,Male,297,257,550,200,96,41,524,224,312,229
981,Gearard,Quare,gquarer8@archive.org,Male,485,183,72,567,84,507,124,209,98,298
982,Ken,Carnson,kcarnsonr9@godaddy.com,Genderfluid,69,379,250,203,369,308,117,111,400,403
983,Quinn,Mallabone,qmallabonera@topsy.com,Male,208,433,34,405,405,332,314,470,409,298
984,Lauren,Hefford,lheffordrb@dedecms.com,Female,117,252,359,426,179,229,378,264,480,439
985,Annmaria,Albasiny,aalbasinyrc@businesswire.com,Female,359,356,207,259,46,441,502,180,246,312
986,Almire,Lubman,alubmanrd@ft.com,Female,1,377,69,149,546,504,460,469,482,551
987,Aldus,Leades,aleadesre@acquirethisname.com,Male,69,357,524,446,70,546,286,307,531,571
988,Weston,Jess,wjessrf@hatena.ne.jp,Male,395,437,297,311,344,387,61,387,304,551
989,Melisande,Silverson,msilversonrg@businessinsider.com,Agender,390,470,187,165,77,375,130,537,163,334
990,Darin,Cuniffe,dcunifferh@senate.gov,Male,337,100,551,89,574,270,498,493,458,121
991,Bink,McConnal,bmcconnalri@icq.com,Non-binary,183,170,33,570,222,291,325,166,108,170
992,Baldwin,Waycot,bwaycotrj@umich.edu,Male,243,100,156,423,270,128,495,210,334,459
993,Yorgo,Howells,yhowellsrk@t-online.de,Male,551,540,31,535,515,393,309,439,82,567
994,Sallyann,Hek,shekrl@cisco.com,Female,434,217,297,554,212,130,349,67,252,115
995,Marthe,Alebrooke,malebrookerm@google.com,Female,368,65,576,310,334,456,497,403,579,175
996,Dougie,Rake,drakern@jimdo.com,Male,309,381,53,384,234,552,433,215,544,511
997,Jeanna,Aleevy,jaleevyro@aol.com,Female,360,255,66,72,39,503,428,185,532,190
998,Harwilll,Brunke,hbrunkerp@berkeley.edu,Male,72,458,28,354,317,467,360,205,572,207
999,Joby,Hanster,jhansterrq@columbia.edu,Female,152,496,193,409,307,262,437,449,197,550
1000,Krisha,Natt,knattrr@tmall.com,Male,94,244,395,141,467,286,561,530,67,275
