id,first_name,last_name,email,gender,Creditos_Mes
1,Shelton,Di Iorio,sdiiorio0@blog.com,Male,202
2,Aron,Beert,abeert1@pagesperso-orange.fr,Male,148
3,Bennie,Harsent,bharsent2@skype.com,Bigender,472
4,May,Tassell,mtassell3@oracle.com,Female,466
5,Harry,Curedale,hcuredale4@altervista.org,Male,320
6,Mark,Suermeier,msuermeier5@list-manage.com,Male,515
7,Clarette,Cardello,ccardello6@phpbb.com,Female,249
8,Corrinne,Romans,cromans7@imgur.com,Female,408
9,Karlan,Ivery,kivery8@posterous.com,Male,452
10,Boonie,Vile,bvile9@hugedomains.com,Male,161
11,Talyah,Quiddinton,tquiddintona@xinhuanet.com,Female,60
12,Clemmie,Senecaut,csenecautb@theglobeandmail.com,Agender,125
13,Reinald,Bothram,rbothramc@salon.com,Agender,389
14,Tremayne,Glason,tglasond@cam.ac.uk,Male,553
15,Jacinta,McCard,jmccarde@go.com,Female,443
16,Lexis,Writtle,lwrittlef@washington.edu,Genderfluid,556
17,Tedmund,Eyre,teyreg@fc2.com,Male,59
18,Jacquetta,MacGaughey,jmacgaugheyh@wikimedia.org,Female,235
19,Hally,Halgarth,hhalgarthi@usda.gov,Female,413
20,Doug,Brayfield,dbrayfieldj@harvard.edu,Male,178
21,Shelton,Mitchinson,smitchinsonk@weebly.com,Male,253
22,Forrest,Marks,fmarksl@scientificamerican.com,Male,261
23,Merrie,de Guise,mdeguisem@tamu.edu,Female,144
24,Cad,Robson,crobsonn@prweb.com,Male,143
25,Devlen,Phripp,dphrippo@myspace.com,Non-binary,327
26,Arman,Romanin,aromaninp@berkeley.edu,Male,370
27,Trumann,Riccardelli,triccardelliq@spiegel.de,Male,343
28,Ange,Downie,adownier@cpanel.net,Male,94
29,Frances,Klaffs,fklaffss@economist.com,Non-binary,183
30,Queenie,Goult,qgoultt@skype.com,Female,283
31,Vicki,Rosenwald,vrosenwaldu@state.tx.us,Non-binary,84
32,Zackariah,Dennitts,zdennittsv@europa.eu,Male,407
33,Carmella,Craddock,ccraddockw@comsenz.com,Female,495
34,Fredra,Besemer,fbesemerx@craigslist.org,Female,361
35,Madelaine,Goggen,mgoggeny@ocn.ne.jp,Female,126
36,Justis,Gristhwaite,jgristhwaitez@mac.com,Male,572
37,Duky,Chetham,dchetham10@nba.com,Male,461
38,James,O'Donnelly,jodonnelly11@redcross.org,Male,265
39,Andie,Eckersall,aeckersall12@ehow.com,Genderqueer,94
40,Rodie,Waulker,rwaulker13@netlog.com,Female,155
41,Isabelita,Elix,ielix14@about.com,Female,52
42,Willard,Christofle,wchristofle15@acquirethisname.com,Genderfluid,421
43,Maia,Boykett,mboykett16@blogger.com,Female,422
44,Tiffie,Townsend,ttownsend17@un.org,Female,195
45,Eleanore,Bridge,ebridge18@plala.or.jp,Female,459
46,Sadye,Marcone,smarcone19@blogger.com,Female,254
47,Butch,Mallabone,bmallabone1a@newsvine.com,Non-binary,191
48,Putnem,Gethings,pgethings1b@lulu.com,Male,59
49,Bette-ann,Tother,btother1c@alibaba.com,Female,314
50,Gino,Lawlings,glawlings1d@nsw.gov.au,Male,265
51,Tommie,Winn,twinn1e@chronoengine.com,Male,12
52,Carlota,Andrivel,candrivel1f@weather.com,Female,213
53,Gilbertina,Saiens,gsaiens1g@tripod.com,Female,97
54,Kele,Crickmore,kcrickmore1h@boston.com,Agender,562
55,Kathryn,Gillson,kgillson1i@webs.com,Female,378
56,Yalonda,Borgne,yborgne1j@utexas.edu,Genderfluid,74
57,Rafferty,Bloschke,rbloschke1k@clickbank.net,Male,432
58,Ashil,Scallon,ascallon1l@trellian.com,Female,200
59,Myriam,Labrenz,mlabrenz1m@wsj.com,Female,370
60,Christan,Dabnot,cdabnot1n@sitemeter.com,Female,554
61,Torrence,Ioselevich,tioselevich1o@moonfruit.com,Genderfluid,71
62,Rollins,Tungay,rtungay1p@seattletimes.com,Male,402
63,Kay,Wrightson,kwrightson1q@sogou.com,Female,202
64,Benoit,Rosiello,brosiello1r@comsenz.com,Male,209
65,Margalo,Viollet,mviollet1s@usgs.gov,Female,335
66,Morton,Primarolo,mprimarolo1t@cornell.edu,Male,378
67,Garnet,Wreight,gwreight1u@cocolog-nifty.com,Female,192
68,Felicity,Bangley,fbangley1v@goodreads.com,Female,373
69,Stacey,Lownds,slownds1w@imageshack.us,Female,461
70,Drud,Weatherdon,dweatherdon1x@abc.net.au,Male,390
71,Tiffi,MacAndie,tmacandie1y@cdbaby.com,Polygender,385
72,Ted,Carder,tcarder1z@stumbleupon.com,Male,129
73,Kipp,Martello,kmartello20@reference.com,Male,63
74,Vanny,Londesborough,vlondesborough21@ucoz.com,Female,130
75,Carey,Kobpa,ckobpa22@unc.edu,Male,36
76,Myranda,Sutch,msutch23@a8.net,Female,549
77,Franny,Hammerberger,fhammerberger24@exblog.jp,Male,445
78,Karlee,Yielding,kyielding25@businessinsider.com,Female,328
79,Darcey,Coudray,dcoudray26@ning.com,Female,153
80,Antonietta,McGovern,amcgovern27@sourceforge.net,Female,377
81,Bernadine,Wofenden,bwofenden28@google.ru,Bigender,319
82,Noelle,Benzing,nbenzing29@dailymail.co.uk,Female,205
83,Marthe,Ison,mison2a@alexa.com,Female,401
84,Dulsea,MacKeig,dmackeig2b@flavors.me,Female,159
85,Huntley,Cutajar,hcutajar2c@nationalgeographic.com,Male,371
86,Ianthe,De Andreis,ideandreis2d@army.mil,Female,76
87,Freeland,Trigg,ftrigg2e@vimeo.com,Agender,341
88,Giustina,Eckersley,geckersley2f@google.cn,Agender,90
89,Raphaela,Daveridge,rdaveridge2g@jugem.jp,Non-binary,177
90,Karia,McAllaster,kmcallaster2h@netlog.com,Female,512
91,Conn,Bollands,cbollands2i@patch.com,Male,498
92,Kevin,Scroggs,kscroggs2j@amazon.co.uk,Male,225
93,Tracie,Catmull,tcatmull2k@auda.org.au,Male,551
94,Maia,Dorrance,mdorrance2l@blog.com,Female,193
95,Henrieta,Adamowicz,hadamowicz2m@ucla.edu,Female,157
96,Saloma,Currington,scurrington2n@deliciousdays.com,Female,557
97,Thedrick,Leipelt,tleipelt2o@ycombinator.com,Male,216
98,Alejandro,Ridge,aridge2p@latimes.com,Male,395
99,Sammie,Farlowe,sfarlowe2q@wufoo.com,Male,411
100,Tabina,Catling,tcatling2r@google.es,Female,519
101,Antonia,Pulford,apulford2s@si.edu,Female,533
102,Way,Peery,wpeery2t@sphinn.com,Genderfluid,397
103,Starla,Klug,sklug2u@ibm.com,Female,231
104,Cristobal,Clowsley,cclowsley2v@addtoany.com,Male,29
105,Silva,Cootes,scootes2w@over-blog.com,Female,566
106,Timmie,Jannings,tjannings2x@paypal.com,Agender,501
107,Marcille,Hellings,mhellings2y@live.com,Female,22
108,Chelsae,Golton,cgolton2z@discuz.net,Female,265
109,Tadeas,Everwin,teverwin30@bloomberg.com,Male,324
110,Emlynn,McSkeagan,emcskeagan31@mapquest.com,Female,177
111,Douglas,Pucker,dpucker32@boston.com,Male,169
112,Pauly,Evers,pevers33@themeforest.net,Female,76
113,Carlie,Evershed,cevershed34@whitehouse.gov,Female,111
114,Bennie,Janman,bjanman35@ucsd.edu,Male,30
115,Vernor,Buddock,vbuddock36@typepad.com,Male,508
116,Osmund,Skeemor,oskeemor37@bloglines.com,Male,403
117,Antoinette,Tuckley,atuckley38@vinaora.com,Polygender,392
118,Carolynn,Gubbins,cgubbins39@istockphoto.com,Female,193
119,Blaine,Necrews,bnecrews3a@npr.org,Male,189
120,Raye,Blogg,rblogg3b@mozilla.org,Female,492
121,Darcy,Corcut,dcorcut3c@thetimes.co.uk,Male,229
122,Sid,Di Pietro,sdipietro3d@biblegateway.com,Male,508
123,Jerome,Swadling,jswadling3e@arizona.edu,Male,204
124,Fredi,Roddick,froddick3f@flickr.com,Female,18
125,Lenna,Bakewell,lbakewell3g@wsj.com,Female,508
126,Salomone,Mains,smains3h@rakuten.co.jp,Male,457
127,Sissie,Skellern,sskellern3i@paypal.com,Genderfluid,200
128,Jermaine,Ragbourne,jragbourne3j@dot.gov,Male,196
129,Padgett,Kapiloff,pkapiloff3k@microsoft.com,Male,250
130,Marven,Tinsley,mtinsley3l@deviantart.com,Male,353
131,Fredi,Landre,flandre3m@comcast.net,Female,313
132,Maxine,Dowman,mdowman3n@canalblog.com,Female,145
133,Orelee,Andersen,oandersen3o@guardian.co.uk,Female,355
134,Sybyl,Metcalf,smetcalf3p@nsw.gov.au,Female,159
135,Leyla,Hastie,lhastie3q@archive.org,Female,229
136,Parnell,Kovalski,pkovalski3r@seesaa.net,Male,257
137,Tymothy,McIlriach,tmcilriach3s@bloglovin.com,Male,443
138,Dody,Odams,dodams3t@apple.com,Female,509
139,Salem,Midgely,smidgely3u@tinypic.com,Male,177
140,Kerwin,Butte,kbutte3v@foxnews.com,Male,301
141,Celesta,Denford,cdenford3w@usnews.com,Female,400
142,Burk,Dederich,bdederich3x@scientificamerican.com,Male,216
143,Glen,Vowdon,gvowdon3y@weebly.com,Female,172
144,Ogdon,Noyes,onoyes3z@elegantthemes.com,Male,502
145,Nichole,Wetherell,nwetherell40@hud.gov,Male,146
146,Brynna,Montez,bmontez41@goo.ne.jp,Female,245
147,Eal,Abba,eabba42@nhs.uk,Male,31
148,Maighdiln,Propper,mpropper43@soundcloud.com,Female,531
149,Elva,Padillo,epadillo44@dyndns.org,Female,51
150,Belia,Sarfass,bsarfass45@redcross.org,Genderqueer,189
151,Lowe,Vials,lvials46@youtu.be,Male,287
152,Tiffani,Wrigley,twrigley47@gnu.org,Female,315
153,Morrie,Pottage,mpottage48@woothemes.com,Male,54
154,Thebault,Curnnokk,tcurnnokk49@ucoz.com,Male,271
155,Zarla,Tregea,ztregea4a@arstechnica.com,Female,477
156,Kalina,Swayland,kswayland4b@icio.us,Female,517
157,Kenton,Blissitt,kblissitt4c@cyberchimps.com,Male,108
158,Lisetta,Jewer,ljewer4d@buzzfeed.com,Female,22
159,Ivette,Stanlike,istanlike4e@wordpress.org,Female,529
160,Fields,Pinckney,fpinckney4f@t-online.de,Male,136
161,Pamelina,Spini,pspini4g@dyndns.org,Female,245
162,Gisela,Povele,gpovele4h@fastcompany.com,Female,141
163,Andrei,Milberry,amilberry4i@army.mil,Female,71
164,Jerrome,Rubinovitsch,jrubinovitsch4j@oracle.com,Male,147
165,Allyson,Bullocke,abullocke4k@com.com,Female,540
166,Corrina,Saunt,csaunt4l@shop-pro.jp,Female,575
167,Bob,Snugg,bsnugg4m@usgs.gov,Male,212
168,Flynn,Durston,fdurston4n@google.ca,Male,264
169,Nichole,Clac,nclac4o@china.com.cn,Female,91
170,Alane,Cowdray,acowdray4p@hhs.gov,Female,234
171,Joela,Coey,jcoey4q@bravesites.com,Female,97
172,Friedrick,Hufton,fhufton4r@va.gov,Male,523
173,Wain,Harlowe,wharlowe4s@mapy.cz,Polygender,110
174,Barry,Creevy,bcreevy4t@sciencedirect.com,Male,69
175,Morgan,Farnorth,mfarnorth4u@skype.com,Female,19
176,Theresita,Mellings,tmellings4v@independent.co.uk,Non-binary,298
177,Ebonee,Balas,ebalas4w@kickstarter.com,Female,210
178,Brittaney,Joder,bjoder4x@woothemes.com,Female,467
179,Reginauld,Graybeal,rgraybeal4y@bravesites.com,Male,342
180,Wilburt,Broxup,wbroxup4z@nps.gov,Male,429
181,Marya,McLarens,mmclarens50@ameblo.jp,Female,546
182,Adam,Duer,aduer51@washington.edu,Male,488
183,Beatrix,Blackway,bblackway52@hibu.com,Female,111
184,Helli,Roches,hroches53@digg.com,Female,357
185,Jenifer,Hefferon,jhefferon54@naver.com,Female,234
186,Kessia,Clampe,kclampe55@ovh.net,Female,411
187,Priscilla,Dencs,pdencs56@multiply.com,Female,212
188,Grace,Duckerin,gduckerin57@geocities.com,Male,25
189,Winifield,Avrahamy,wavrahamy58@paginegialle.it,Male,67
190,Yurik,Tune,ytune59@istockphoto.com,Non-binary,524
191,Debby,Voyce,dvoyce5a@360.cn,Female,96
192,Boothe,Norewood,bnorewood5b@istockphoto.com,Male,365
193,Dorelle,Coutthart,dcoutthart5c@weebly.com,Female,345
194,Waldemar,Minshaw,wminshaw5d@bigcartel.com,Male,178
195,Filberto,Fordham,ffordham5e@ning.com,Male,536
196,Alejandro,Clemencet,aclemencet5f@is.gd,Male,298
197,Mitchel,Chessell,mchessell5g@cmu.edu,Male,441
198,Paulo,Swyndley,pswyndley5h@youku.com,Male,501
199,Daryle,Mingo,dmingo5i@earthlink.net,Male,88
200,Frederic,Balffye,fbalffye5j@huffingtonpost.com,Male,174
201,Aime,Tomaskunas,atomaskunas5k@squidoo.com,Female,210
202,Evelyn,Bagshaw,ebagshaw5l@xrea.com,Female,341
203,Killie,Mighele,kmighele5m@joomla.org,Male,165
204,Josie,Lambard,jlambard5n@surveymonkey.com,Bigender,307
205,Ricardo,Petriello,rpetriello5o@livejournal.com,Male,440
206,Sebastien,Espie,sespie5p@rakuten.co.jp,Male,551
207,Kevyn,Bowie,kbowie5q@google.com.hk,Female,262
208,Salome,Swancott,sswancott5r@paginegialle.it,Female,492
209,Vincenz,Chace,vchace5s@netvibes.com,Male,268
210,Dot,Mew,dmew5t@plala.or.jp,Female,125
211,Elyn,Dix,edix5u@earthlink.net,Female,487
212,Perry,McKendo,pmckendo5v@kickstarter.com,Female,487
213,Annabal,Leadston,aleadston5w@amazon.com,Female,122
214,Horatius,Hemeret,hhemeret5x@livejournal.com,Male,441
215,Weidar,Darkins,wdarkins5y@yelp.com,Male,229
216,Hastings,Botting,hbotting5z@google.co.jp,Male,149
217,Alberto,Fuller,afuller60@samsung.com,Polygender,398
218,Erik,Felipe,efelipe61@php.net,Male,331
219,Vivyan,Chieco,vchieco62@pbs.org,Female,6
220,Melantha,Docharty,mdocharty63@oakley.com,Female,281
221,Hermon,de Marco,hdemarco64@ehow.com,Male,405
222,Jaimie,Wallenger,jwallenger65@miitbeian.gov.cn,Female,227
223,Nadean,de Vaen,ndevaen66@smh.com.au,Female,430
224,Latia,Senussi,lsenussi67@vimeo.com,Female,14
225,Rod,D'Adamo,rdadamo68@reference.com,Male,23
226,Jaime,Di Maggio,jdimaggio69@marketwatch.com,Female,107
227,Danya,Durak,ddurak6a@barnesandnoble.com,Male,550
228,Kelli,Goodall,kgoodall6b@ft.com,Female,436
229,Anette,Coslett,acoslett6c@e-recht24.de,Female,197
230,Fleur,Sexstone,fsexstone6d@bloglines.com,Female,154
231,Scot,Attwooll,sattwooll6e@cafepress.com,Male,420
232,Dionis,McCook,dmccook6f@woothemes.com,Female,570
233,Andros,Pierrepoint,apierrepoint6g@wikimedia.org,Male,562
234,Irvine,Pidgeon,ipidgeon6h@youtube.com,Non-binary,562
235,Odella,Tunnicliffe,otunnicliffe6i@ezinearticles.com,Genderfluid,540
236,Bartel,Shakespeare,bshakespeare6j@washingtonpost.com,Male,272
237,Xenos,Burwin,xburwin6k@ebay.co.uk,Male,133
238,Aldis,Kernocke,akernocke6l@ftc.gov,Male,562
239,Kimberlyn,McKomb,kmckomb6m@prlog.org,Female,141
240,Ronny,Fitchew,rfitchew6n@chron.com,Male,333
241,Stacey,Sare,ssare6o@stanford.edu,Female,205
242,Kane,Preece,kpreece6p@alibaba.com,Genderqueer,108
243,Noam,Malkin,nmalkin6q@businessweek.com,Male,435
244,Jerri,Wooffitt,jwooffitt6r@indiatimes.com,Male,86
245,Cherri,Beefon,cbeefon6s@patch.com,Female,54
246,Gram,Fritchley,gfritchley6t@ucoz.ru,Male,281
247,Lyndy,Woffenden,lwoffenden6u@ustream.tv,Female,94
248,Arman,Archbould,aarchbould6v@is.gd,Male,13
249,Eydie,Coulter,ecoulter6w@mozilla.com,Female,504
250,Rhonda,Keaton,rkeaton6x@simplemachines.org,Female,479
251,Francoise,Petteford,fpetteford6y@accuweather.com,Female,254
252,Kanya,Smyth,ksmyth6z@sun.com,Female,544
253,Tad,Eshmade,teshmade70@disqus.com,Male,274
254,Basil,Darwen,bdarwen71@bbb.org,Male,400
255,Norrie,Oret,noret72@cmu.edu,Male,368
256,Jo,Danshin,jdanshin73@jalbum.net,Male,177
257,Hilliard,Sartain,hsartain74@smugmug.com,Male,83
258,Charissa,Frisch,cfrisch75@army.mil,Female,259
259,Eldin,Ivens,eivens76@state.tx.us,Male,437
260,Letti,Pettinger,lpettinger77@devhub.com,Female,126
261,Benetta,Bellamy,bbellamy78@comsenz.com,Female,372
262,Sibyl,Stichall,sstichall79@usgs.gov,Female,174
263,Tremaine,Coggill,tcoggill7a@kickstarter.com,Polygender,139
264,Marylynne,Anfossi,manfossi7b@aboutads.info,Female,566
265,Sibelle,Leiden,sleiden7c@parallels.com,Female,206
266,Fletcher,Trees,ftrees7d@google.fr,Male,356
267,Les,Palfrie,lpalfrie7e@answers.com,Male,358
268,Tabina,Schollick,tschollick7f@ning.com,Genderqueer,91
269,Ingeborg,Reddecliffe,ireddecliffe7g@creativecommons.org,Female,399
270,Mathew,Seeman,mseeman7h@over-blog.com,Male,95
271,Cullan,McKomb,cmckomb7i@ocn.ne.jp,Male,108
272,Reina,Langdridge,rlangdridge7j@squarespace.com,Female,17
273,Adan,Peebles,apeebles7k@quantcast.com,Female,382
274,Starlin,Garza,sgarza7l@bluehost.com,Genderqueer,29
275,Byram,Bellie,bbellie7m@telegraph.co.uk,Male,377
276,Nickolai,Goodby,ngoodby7n@google.fr,Male,24
277,Myrlene,Catherall,mcatherall7o@blog.com,Female,336
278,Iorgos,Murty,imurty7p@earthlink.net,Male,423
279,Vanna,Spiller,vspiller7q@ihg.com,Female,370
280,Sebastiano,Bavister,sbavister7r@cdc.gov,Male,404
281,Carmencita,McKeefry,cmckeefry7s@admin.ch,Female,470
282,Goddart,Okeshott,gokeshott7t@bloglines.com,Male,243
283,Duncan,Zukierman,dzukierman7u@phpbb.com,Male,487
284,Gunther,Kernock,gkernock7v@usda.gov,Male,353
285,Carlina,Bigglestone,cbigglestone7w@salon.com,Female,59
286,Ennis,Riglar,eriglar7x@pen.io,Male,176
287,Alfy,Haucke,ahaucke7y@simplemachines.org,Male,13
288,Gerianne,Angelini,gangelini7z@dailymotion.com,Female,229
289,Marcelia,Betteney,mbetteney80@ibm.com,Genderqueer,212
290,Odelia,Long,olong81@fastcompany.com,Female,534
291,Paolo,Colston,pcolston82@ucla.edu,Male,91
292,Ki,Durtnal,kdurtnal83@oracle.com,Female,143
293,Codie,Russam,crussam84@ihg.com,Male,73
294,Fabiano,Prangley,fprangley85@mediafire.com,Male,512
295,Starla,Wray,swray86@umich.edu,Female,95
296,Deena,Cheevers,dcheevers87@nsw.gov.au,Female,26
297,Ruthanne,Gronauer,rgronauer88@quantcast.com,Female,415
298,Addison,Guidotti,aguidotti89@ibm.com,Male,229
299,Mavis,Madoc-Jones,mmadocjones8a@barnesandnoble.com,Female,24
300,Eldon,Lawman,elawman8b@china.com.cn,Male,106
301,Bonnee,Fackney,bfackney8c@mapquest.com,Female,408
302,Wyn,Gribbon,wgribbon8d@home.pl,Male,410
303,Cahra,Tromans,ctromans8e@blogs.com,Female,554
304,Karina,Scantleberry,kscantleberry8f@myspace.com,Female,313
305,Emanuele,Yglesia,eyglesia8g@kickstarter.com,Male,468
306,Rosemonde,Titmarsh,rtitmarsh8h@google.com.br,Female,347
307,Nico,Bruyet,nbruyet8i@theglobeandmail.com,Male,572
308,Karoly,Degan,kdegan8j@about.me,Male,301
309,Renado,Amott,ramott8k@stumbleupon.com,Male,315
310,Abby,Buckberry,abuckberry8l@eventbrite.com,Male,505
311,Diana,Philipet,dphilipet8m@gov.uk,Female,17
312,Allie,Blaisdell,ablaisdell8n@va.gov,Male,172
313,Koo,Sparkwill,ksparkwill8o@ovh.net,Female,297
314,Garner,Conibeer,gconibeer8p@odnoklassniki.ru,Male,384
315,Alvan,Crackel,acrackel8q@guardian.co.uk,Male,68
316,Carol-jean,Dobbson,cdobbson8r@nyu.edu,Female,12
317,Constanta,Lambertson,clambertson8s@tinypic.com,Female,172
318,Prissie,Forcade,pforcade8t@epa.gov,Female,83
319,Grantley,Whitehead,gwhitehead8u@indiegogo.com,Male,474
320,Alecia,Frangleton,afrangleton8v@gnu.org,Agender,10
321,Ade,Rigolle,arigolle8w@businesswire.com,Male,330
322,Frannie,Vigne,fvigne8x@nhs.uk,Male,166
323,Penn,Brame,pbrame8y@china.com.cn,Male,506
324,Danna,Benazet,dbenazet8z@moonfruit.com,Female,342
325,Sallie,Vanyukov,svanyukov90@php.net,Female,138
326,Abbot,Gingel,agingel91@ucsd.edu,Non-binary,86
327,Claudianus,Darthe,cdarthe92@blogspot.com,Male,225
328,Corby,Silson,csilson93@ca.gov,Male,51
329,Hyacinthe,Baudry,hbaudry94@eventbrite.com,Female,417
330,Jeffry,Braiden,jbraiden95@typepad.com,Male,450
331,Delly,Tefft,dtefft96@phoca.cz,Female,496
332,Tabb,Oldknowe,toldknowe97@feedburner.com,Male,39
333,Gary,Brodhead,gbrodhead98@istockphoto.com,Bigender,304
334,Gardy,Brugemann,gbrugemann99@ca.gov,Bigender,217
335,Frannie,Kolakovic,fkolakovic9a@twitpic.com,Male,309
336,Milty,Lamberts,mlamberts9b@msn.com,Male,196
337,Port,Bool,pbool9c@japanpost.jp,Male,94
338,Mariel,Kinchington,mkinchington9d@examiner.com,Female,465
339,Kain,Patrick,kpatrick9e@timesonline.co.uk,Male,20
340,Garret,Kesby,gkesby9f@huffingtonpost.com,Male,194
341,Hobard,Duthie,hduthie9g@marriott.com,Male,196
342,Rafi,O'Shields,roshields9h@nih.gov,Male,468
343,Scotti,Rusk,srusk9i@google.de,Male,547
344,Sunny,Grundy,sgrundy9j@e-recht24.de,Male,16
345,Alric,McBean,amcbean9k@youtu.be,Male,356
346,Noellyn,Dilworth,ndilworth9l@fema.gov,Female,84
347,Red,Scohier,rscohier9m@latimes.com,Male,505
348,Wainwright,Disbrey,wdisbrey9n@sitemeter.com,Male,90
349,Johnny,Couttes,jcouttes9o@wufoo.com,Male,565
350,Dewain,Lewson,dlewson9p@washingtonpost.com,Male,64
351,Bart,Minigo,bminigo9q@hatena.ne.jp,Male,268
352,Fons,Bisco,fbisco9r@tumblr.com,Male,364
353,Wallie,Pennacci,wpennacci9s@instagram.com,Male,296
354,Jenelle,Memmory,jmemmory9t@slideshare.net,Female,42
355,Dacy,Giorgione,dgiorgione9u@ucoz.com,Female,188
356,Ilysa,Thorrold,ithorrold9v@ehow.com,Female,44
357,Hillary,Skala,hskala9w@diigo.com,Male,100
358,Archaimbaud,Gordon-Giles,agordongiles9x@jigsy.com,Male,0
359,Ofella,Orto,oorto9y@opensource.org,Female,274
360,Maighdiln,Peller,mpeller9z@dropbox.com,Female,288
361,Eimile,Godbald,egodbalda0@theglobeandmail.com,Female,532
362,Lizzy,Dany,ldanya1@goo.gl,Genderqueer,418
363,Theresa,Jeschner,tjeschnera2@ed.gov,Female,519
364,Zed,Culver,zculvera3@google.com.au,Male,468
365,Arnold,Chaplin,achaplina4@tinypic.com,Male,101
366,Phip,Ind,pinda5@prweb.com,Male,198
367,Fergus,Northill,fnorthilla6@netscape.com,Male,337
368,Allyson,Sigmund,asigmunda7@nasa.gov,Female,334
369,Staford,Horbath,shorbatha8@webnode.com,Male,551
370,Byrom,Rottgers,brottgersa9@epa.gov,Male,577
371,Archie,Lensch,alenschaa@howstuffworks.com,Male,438
372,Derry,Fenne,dfenneab@simplemachines.org,Male,220
373,Scot,Hanigan,shaniganac@china.com.cn,Male,530
374,Nikolos,Gueste,nguestead@amazon.co.jp,Male,276
375,Gaultiero,Hof,ghofae@tinyurl.com,Male,203
376,Lambert,Eckersall,leckersallaf@hp.com,Male,273
377,Sauncho,Plane,splaneag@bloomberg.com,Male,576
378,Marlie,Garfit,mgarfitah@edublogs.org,Female,175
379,Jonah,Trundler,jtrundlerai@google.es,Male,445
380,Kendre,Whewell,kwhewellaj@gnu.org,Female,441
381,Suzann,Piel,spielak@senate.gov,Female,444
382,Marysa,Yoskowitz,myoskowitzal@umn.edu,Female,13
383,Burk,Llewhellin,bllewhellinam@nbcnews.com,Male,141
384,Analise,Pilipets,apilipetsan@dailymotion.com,Female,308
385,Mayne,Fassman,mfassmanao@ihg.com,Male,419
386,Augy,Rodden,aroddenap@bloglovin.com,Male,442
387,Virgie,Wythe,vwytheaq@accuweather.com,Male,354
388,Archaimbaud,Jackman,ajackmanar@istockphoto.com,Genderfluid,185
389,Lynnett,Reinbach,lreinbachas@pinterest.com,Female,467
390,Pen,Verman,pvermanat@comcast.net,Female,343
391,Elwin,Jailler,ejaillerau@symantec.com,Male,450
392,Gordan,Parlot,gparlotav@opera.com,Male,257
393,Wilt,Winwright,wwinwrightaw@nasa.gov,Male,362
394,Sibley,Assiratti,sassirattiax@harvard.edu,Female,89
395,Clarinda,Scranny,cscrannyay@google.ca,Female,231
396,Maris,Allman,mallmanaz@europa.eu,Female,514
397,Yolanthe,Highway,yhighwayb0@hostgator.com,Agender,566
398,Mischa,Bjerkan,mbjerkanb1@symantec.com,Male,140
399,Phillie,Allam,pallamb2@arizona.edu,Female,219
400,Raff,Cochrane,rcochraneb3@joomla.org,Male,218
401,Price,Peverell,ppeverellb4@taobao.com,Male,488
402,Curran,Maingot,cmaingotb5@unblog.fr,Male,215
403,Randie,Duckers,rduckersb6@bizjournals.com,Male,498
404,Cassandre,Hastelow,chastelowb7@reddit.com,Female,76
405,Delmar,Linning,dlinningb8@purevolume.com,Male,154
406,Chilton,Pesterfield,cpesterfieldb9@wsj.com,Male,158
407,Sholom,Baus,sbausba@jigsy.com,Male,284
408,Tally,Furnival,tfurnivalbb@google.it,Female,181
409,Foss,Naden,fnadenbc@twitpic.com,Male,188
410,Alair,McCrossan,amccrossanbd@is.gd,Male,339
411,Dallas,Denny,ddennybe@ustream.tv,Female,320
412,Solomon,Looney,slooneybf@unesco.org,Male,8
413,Madelyn,Stathor,mstathorbg@plala.or.jp,Female,91
414,Harley,Baraclough,hbaracloughbh@microsoft.com,Male,466
415,Natalee,Iannuzzelli,niannuzzellibi@apache.org,Female,442
416,Toni,Pech,tpechbj@prweb.com,Female,514
417,Eloise,Gartshore,egartshorebk@addthis.com,Female,100
418,Francois,Stollhofer,fstollhoferbl@vimeo.com,Male,568
419,Raul,Easterbrook,reasterbrookbm@w3.org,Male,502
420,Derk,Quinnette,dquinnettebn@acquirethisname.com,Male,93
421,Katey,Vany,kvanybo@usnews.com,Female,241
422,Shirline,Instone,sinstonebp@t-online.de,Female,272
423,Alys,Van Velden,avanveldenbq@sphinn.com,Genderqueer,553
424,Edna,Rue,eruebr@fotki.com,Female,125
425,Gardy,Knill,gknillbs@about.me,Male,375
426,Dixie,Lightwing,dlightwingbt@amazon.co.jp,Female,111
427,Randee,Coalbran,rcoalbranbu@cnn.com,Female,80
428,Olivie,Lacasa,olacasabv@newyorker.com,Female,510
429,Lesley,Haythorne,lhaythornebw@loc.gov,Female,434
430,Jasen,Treasaden,jtreasadenbx@printfriendly.com,Male,210
431,Silvester,Wragge,swraggeby@nhs.uk,Male,101
432,Lesley,Betham,lbethambz@indiatimes.com,Male,8
433,Susi,Castanares,scastanaresc0@ocn.ne.jp,Agender,458
434,Kip,Lannin,klanninc1@desdev.cn,Male,194
435,Ernaline,Antliff,eantliffc2@mozilla.org,Female,313
436,Alexi,Crowd,acrowdc3@washington.edu,Female,286
437,Tedman,Kolakovic,tkolakovicc4@google.com,Male,84
438,Jenn,Yurtsev,jyurtsevc5@hostgator.com,Female,417
439,Isadora,Wailes,iwailesc6@csmonitor.com,Agender,157
440,Darill,Dibb,ddibbc7@adobe.com,Male,373
441,Verina,Brightie,vbrightiec8@archive.org,Genderqueer,384
442,Theodor,Lyddiard,tlyddiardc9@flavors.me,Male,225
443,Harp,McIlhone,hmcilhoneca@goo.ne.jp,Male,286
444,Rog,Klewi,rklewicb@ow.ly,Male,395
445,Lockwood,Stoffers,lstofferscc@slashdot.org,Male,406
446,Lillian,Kingsland,lkingslandcd@tiny.cc,Female,415
447,Dan,Dillet,ddilletce@360.cn,Male,378
448,Darci,Scoular,dscoularcf@wired.com,Female,574
449,Odelinda,Iglesia,oiglesiacg@newsvine.com,Female,372
450,Phylis,Boother,pbootherch@army.mil,Female,299
451,Myrtle,Shallcross,mshallcrossci@nifty.com,Female,265
452,Codi,Boerderman,cboerdermancj@exblog.jp,Male,538
453,Laney,Valiant,lvaliantck@nature.com,Male,306
454,Carny,Gooderidge,cgooderidgecl@ucsd.edu,Male,92
455,Gail,Klammt,gklammtcm@infoseek.co.jp,Male,197
456,Raff,Romanelli,rromanellicn@vistaprint.com,Male,222
457,Yard,Keady,ykeadyco@google.cn,Male,165
458,Elana,Cleiment,ecleimentcp@gov.uk,Female,261
459,Fabiano,Gillespey,fgillespeycq@so-net.ne.jp,Polygender,431
460,Paolina,Flacke,pflackecr@arizona.edu,Female,5
461,Odell,Pinwell,opinwellcs@arstechnica.com,Male,238
462,Toiboid,Pitceathly,tpitceathlyct@behance.net,Male,494
463,Felicle,Stanning,fstanningcu@time.com,Female,38
464,Mariquilla,Abdy,mabdycv@home.pl,Female,327
465,Alyson,Caro,acarocw@bbc.co.uk,Female,229
466,Amble,Valentelli,avalentellicx@yellowpages.com,Male,63
467,Eugenius,Shropshire,eshropshirecy@un.org,Male,363
468,Ariella,Thews,athewscz@msn.com,Female,130
469,Aguie,Reisen,areisend0@ox.ac.uk,Male,491
470,Carlye,Mence,cmenced1@upenn.edu,Female,250
471,Evangelia,Raggitt,eraggittd2@lulu.com,Genderfluid,502
472,Aggy,McConnell,amcconnelld3@apache.org,Female,300
473,Sherie,Collar,scollard4@ucoz.com,Female,323
474,Vere,McNirlan,vmcnirland5@de.vu,Polygender,274
475,Chantalle,Christene,cchristened6@ucla.edu,Genderfluid,180
476,Chad,McAvinchey,cmcavincheyd7@imageshack.us,Male,108
477,Roana,Whistlecraft,rwhistlecraftd8@examiner.com,Female,416
478,Jorie,Blissitt,jblissittd9@narod.ru,Female,170
479,Haydon,Saltsberg,hsaltsbergda@harvard.edu,Genderqueer,196
480,Marybeth,Fridd,mfridddb@dyndns.org,Female,308
481,Evangelina,Slowly,eslowlydc@livejournal.com,Female,23
482,Caspar,Monteath,cmonteathdd@who.int,Male,100
483,Berna,Egerton,begertonde@wikispaces.com,Female,476
484,Rocky,Harral,rharraldf@statcounter.com,Bigender,202
485,Maryanna,MacFaell,mmacfaelldg@redcross.org,Female,311
486,Leshia,Ribbon,lribbondh@meetup.com,Female,173
487,Pierce,Stampe,pstampedi@nba.com,Male,326
488,Waiter,Curneen,wcurneendj@auda.org.au,Male,340
489,Findley,Stubbes,fstubbesdk@cisco.com,Male,472
490,Arel,Markel,amarkeldl@ocn.ne.jp,Male,550
491,Bonni,Ezzy,bezzydm@youku.com,Female,97
492,Modesty,Paffitt,mpaffittdn@nsw.gov.au,Bigender,459
493,Martelle,Velez,mvelezdo@bloomberg.com,Female,340
494,Toby,Dawby,tdawbydp@feedburner.com,Male,429
495,Jock,Mathys,jmathysdq@cafepress.com,Male,308
496,Jemmy,Anton,jantondr@elegantthemes.com,Female,448
497,Miof mela,McGeraghty,mmcgeraghtyds@hatena.ne.jp,Female,306
498,Justinian,Newton,jnewtondt@wsj.com,Male,276
499,Vanni,Napton,vnaptondu@wsj.com,Female,110
500,Robbert,Thieme,rthiemedv@netvibes.com,Male,190
501,Orion,Tommasi,otommasidw@whitehouse.gov,Male,88
502,Jamison,De la croix,jdelacroixdx@gov.uk,Male,500
503,Gail,Rickwood,grickwooddy@vk.com,Female,17
504,Melva,Trimmell,mtrimmelldz@disqus.com,Female,5
505,Marwin,Atwood,matwoode0@google.es,Male,304
506,Teddie,Ebbins,tebbinse1@addthis.com,Female,382
507,Neil,Oldham,noldhame2@disqus.com,Male,53
508,Any,Aldrick,aaldricke3@japanpost.jp,Male,313
509,Willyt,Devonside,wdevonsidee4@comsenz.com,Female,42
510,Cecilius,Powlett,cpowlette5@engadget.com,Male,265
511,Saw,Loades,sloadese6@prlog.org,Polygender,346
512,Kelcie,Johnsee,kjohnseee7@abc.net.au,Female,340
513,Dreddy,McMickan,dmcmickane8@dell.com,Genderqueer,15
514,Nil,Ghilardini,nghilardinie9@facebook.com,Male,558
515,Oliver,Hinckley,ohinckleyea@mlb.com,Male,318
516,Grenville,Insole,ginsoleeb@reddit.com,Male,238
517,Douglas,Bails,dbailsec@cdbaby.com,Male,506
518,Elladine,Brion,ebrioned@cmu.edu,Female,186
519,Jannel,Ellinor,jellinoree@taobao.com,Female,542
520,Papageno,Caccavella,pcaccavellaef@ovh.net,Male,154
521,Beniamino,Willas,bwillaseg@illinois.edu,Male,197
522,Osborn,Gilffillan,ogilffillaneh@ifeng.com,Male,235
523,Legra,Acott,lacottei@google.co.jp,Female,468
524,Marci,Yetts,myettsej@mashable.com,Female,212
525,Antonia,Malshinger,amalshingerek@hc360.com,Female,508
526,Berny,Sabatini,bsabatiniel@tmall.com,Male,155
527,Haily,Oldroyde,holdroydeem@blogger.com,Female,262
528,Robinet,Krolle,rkrolleen@diigo.com,Female,193
529,Jere,Taig,jtaigeo@pagesperso-orange.fr,Male,169
530,Janaye,Witterick,jwitterickep@networkadvertising.org,Female,421
531,Granny,Philpin,gphilpineq@sciencedirect.com,Male,467
532,Randie,Wayon,rwayoner@deviantart.com,Male,163
533,Evonne,Hallatt,ehallattes@npr.org,Female,416
534,Owen,Maymand,omaymandet@unc.edu,Male,485
535,Klaus,Thomas,kthomaseu@chronoengine.com,Non-binary,558
536,Woodrow,Durante,wduranteev@google.co.jp,Male,241
537,Ewart,Maryin,emaryinew@yandex.ru,Male,11
538,Clyde,Cozins,ccozinsex@mlb.com,Agender,231
539,Roxie,Henric,rhenricey@japanpost.jp,Female,24
540,Park,Chene,pcheneez@census.gov,Male,557
541,Kristina,Hynson,khynsonf0@marketwatch.com,Female,173
542,Karalee,Calam,kcalamf1@goo.gl,Female,218
543,Lucine,Dilger,ldilgerf2@biglobe.ne.jp,Female,274
544,Kirsteni,Huckle,khucklef3@alexa.com,Female,407
545,Joline,Farland,jfarlandf4@acquirethisname.com,Female,579
546,Zak,Blitz,zblitzf5@ehow.com,Male,132
547,Eduard,Lemmers,elemmersf6@discuz.net,Male,475
548,Drugi,Jirsa,djirsaf7@w3.org,Male,272
549,Lindsey,Averay,laverayf8@admin.ch,Female,181
550,Lena,Woodstock,lwoodstockf9@hhs.gov,Female,234
551,Fina,Vance,fvancefa@ebay.com,Female,363
552,Talia,Silbersak,tsilbersakfb@infoseek.co.jp,Female,295
553,Gil,Langstaff,glangstafffc@symantec.com,Bigender,294
554,Miguel,Woollard,mwoollardfd@rediff.com,Male,420
555,Rochette,Knott,rknottfe@over-blog.com,Genderqueer,34
556,Johnathon,McCamish,jmccamishff@dagondesign.com,Male,168
557,Ardra,Scough,ascoughfg@cbc.ca,Female,236
558,Petey,Holyard,pholyardfh@who.int,Male,23
559,Zilvia,Sutterfield,zsutterfieldfi@rediff.com,Female,297
560,Kerwin,Fitton,kfittonfj@narod.ru,Male,531
561,Eli,Wigfield,ewigfieldfk@dedecms.com,Male,157
562,Andriana,Sargison,asargisonfl@so-net.ne.jp,Genderfluid,495
563,Kent,Janiak,kjaniakfm@newsvine.com,Male,99
564,Clea,Brummitt,cbrummittfn@cnet.com,Female,210
565,Eberhard,Raspin,eraspinfo@paginegialle.it,Male,428
566,Joleen,Gillingwater,jgillingwaterfp@symantec.com,Female,462
567,Allegra,Hanny,ahannyfq@cargocollective.com,Female,282
568,Krista,Gehricke,kgehrickefr@tuttocitta.it,Female,316
569,Estelle,Slatcher,eslatcherfs@people.com.cn,Female,538
570,Dorthy,Gallie,dgallieft@goo.ne.jp,Female,310
571,Frazer,Herrieven,fherrievenfu@lycos.com,Male,422
572,Costa,Habbijam,chabbijamfv@aol.com,Male,316
573,Benedict,Karpol,bkarpolfw@accuweather.com,Male,171
574,Suki,Ivanaev,sivanaevfx@wunderground.com,Female,172
575,Rayna,Marjoram,rmarjoramfy@washingtonpost.com,Female,188
576,Maud,Bustin,mbustinfz@ucoz.ru,Female,389
577,Florencia,Colvill,fcolvillg0@bing.com,Female,210
578,Fidole,Lancley,flancleyg1@upenn.edu,Male,289
579,Mirabel,Kinnoch,mkinnochg2@imdb.com,Female,373
580,Cello,Lumm,clummg3@oracle.com,Male,537
581,Son,Driscoll,sdriscollg4@youtu.be,Male,361
582,Temple,Simione,tsimioneg5@google.co.uk,Genderfluid,300
583,Jacky,Mix,jmixg6@cafepress.com,Female,217
584,Doralynn,McIlharga,dmcilhargag7@marriott.com,Female,181
585,Sterne,McComish,smccomishg8@mit.edu,Male,442
586,Lucius,Brinded,lbrindedg9@nyu.edu,Male,417
587,Frank,Bandt,fbandtga@yelp.com,Female,310
588,Shoshana,Tynan,stynangb@smh.com.au,Female,197
589,Falito,Tiptaft,ftiptaftgc@gravatar.com,Male,104
590,Thekla,Popham,tpophamgd@acquirethisname.com,Agender,72
591,Bevon,Churchyard,bchurchyardge@storify.com,Male,82
592,Cassandra,Wolfinger,cwolfingergf@yahoo.com,Female,335
593,Job,Van Niekerk,jvanniekerkgg@soundcloud.com,Male,67
594,Cloris,Munn,cmunngh@smugmug.com,Female,268
595,Brandise,Eardley,beardleygi@istockphoto.com,Female,514
596,Beck,Maxweell,bmaxweellgj@friendfeed.com,Male,422
597,Marlyn,Odeson,modesongk@cocolog-nifty.com,Female,492
598,Burnaby,Hedgecock,bhedgecockgl@mlb.com,Male,427
599,Emilio,Hendonson,ehendonsongm@china.com.cn,Male,396
600,Arvin,Antunes,aantunesgn@icq.com,Male,284
601,Arlee,Grigoliis,agrigoliisgo@earthlink.net,Female,33
602,Kendell,Cardozo,kcardozogp@acquirethisname.com,Male,280
603,Marylynne,Roskelley,mroskelleygq@diigo.com,Female,562
604,Irene,MacVanamy,imacvanamygr@newsvine.com,Female,84
605,Link,Martland,lmartlandgs@fema.gov,Male,249
606,Cthrine,Platfoot,cplatfootgt@cam.ac.uk,Female,165
607,Jacklyn,Duggen,jduggengu@homestead.com,Female,350
608,Jesse,Conkling,jconklinggv@nifty.com,Male,221
609,Parrnell,Harker,pharkergw@oracle.com,Male,285
610,Martainn,Khadir,mkhadirgx@weebly.com,Male,534
611,Jobey,Highway,jhighwaygy@ning.com,Female,158
612,Onfroi,Steggals,osteggalsgz@un.org,Male,396
613,Thibaut,Mushrow,tmushrowh0@simplemachines.org,Male,490
614,Annemarie,Bazoge,abazogeh1@dailymail.co.uk,Non-binary,253
615,Fedora,Orthmann,forthmannh2@scientificamerican.com,Female,252
616,Ring,Tucknutt,rtucknutth3@nationalgeographic.com,Male,50
617,Margaux,Giacomazzo,mgiacomazzoh4@netlog.com,Female,178
618,Salmon,Pezey,spezeyh5@wsj.com,Male,368
619,Jean,Hayes,jhayesh6@alexa.com,Female,253
620,Fonz,Belt,fbelth7@gnu.org,Male,78
621,Tatiania,Pawlicki,tpawlickih8@globo.com,Female,554
622,Skippy,Walch,swalchh9@yandex.ru,Male,324
623,Leela,Sandever,lsandeverha@theguardian.com,Female,430
624,Freida,Reggler,fregglerhb@cloudflare.com,Female,365
625,Pierrette,Garken,pgarkenhc@ftc.gov,Female,97
626,Kerk,McIlharga,kmcilhargahd@csmonitor.com,Male,120
627,Gray,Darwen,gdarwenhe@mozilla.org,Female,222
628,Marleah,Haddleton,mhaddletonhf@e-recht24.de,Female,4
629,Marcellus,Maypes,mmaypeshg@pagesperso-orange.fr,Male,548
630,Claudie,Josofovitz,cjosofovitzhh@virginia.edu,Female,67
631,Stormi,Kimmince,skimmincehi@omniture.com,Female,475
632,Zara,Suffe,zsuffehj@posterous.com,Female,285
633,Jonah,Whitty,jwhittyhk@dailymail.co.uk,Male,372
634,Geoffrey,Sambell,gsambellhl@paypal.com,Male,224
635,Aldon,Brabben,abrabbenhm@mozilla.org,Male,168
636,Anna-diana,Marciek,amarciekhn@dell.com,Female,247
637,Aimee,Briiginshaw,abriiginshawho@dell.com,Female,270
638,Dacia,Scanlan,dscanlanhp@wiley.com,Female,119
639,Gretta,Blasli,gblaslihq@lycos.com,Female,362
640,Lenette,Overall,loverallhr@jugem.jp,Female,224
641,Brocky,Readwing,breadwinghs@tamu.edu,Non-binary,101
642,Gates,Butt,gbuttht@imageshack.us,Female,242
643,Carter,Hobgen,chobgenhu@marriott.com,Male,268
644,Ferdy,Pearson,fpearsonhv@cnn.com,Male,271
645,Livvie,Rosenau,lrosenauhw@addtoany.com,Female,517
646,Siobhan,Letcher,sletcherhx@github.io,Female,295
647,Grace,Bellhanger,gbellhangerhy@rediff.com,Male,235
648,Lia,Franceschelli,lfranceschellihz@jimdo.com,Female,344
649,Egan,Scanlon,escanloni0@addthis.com,Male,283
650,Brittni,Danks,bdanksi1@tripadvisor.com,Female,222
651,Trixi,Ecles,teclesi2@abc.net.au,Female,272
652,Davie,Lyngsted,dlyngstedi3@csmonitor.com,Male,359
653,Gilbert,Yarr,gyarri4@digg.com,Male,2
654,Margareta,Scorah,mscorahi5@geocities.jp,Female,330
655,Lilias,Joyner,ljoyneri6@google.nl,Female,26
656,Kimble,Scorey,kscoreyi7@addthis.com,Male,427
657,Hamish,Matyugin,hmatyugini8@oaic.gov.au,Male,330
658,Valaree,Hendriksen,vhendrikseni9@symantec.com,Female,453
659,Gus,Kennan,gkennania@sina.com.cn,Male,575
660,Krisha,Dicty,kdictyib@deliciousdays.com,Male,247
661,Alvy,Need,aneedic@myspace.com,Male,121
662,Sallie,Carbert,scarbertid@ox.ac.uk,Female,511
663,Hedi,Dugan,hduganie@ustream.tv,Genderfluid,502
664,Carmen,McIlhatton,cmcilhattonif@xinhuanet.com,Genderfluid,270
665,Dion,Penk,dpenkig@wsj.com,Male,274
666,Noah,Doe,ndoeih@wired.com,Male,11
667,Lewes,Scotchforth,lscotchforthii@bloomberg.com,Male,7
668,Gradey,Garwell,ggarwellij@upenn.edu,Male,231
669,Vonny,Woodhams,vwoodhamsik@jiathis.com,Female,213
670,Kristen,Priestley,kpriestleyil@berkeley.edu,Female,34
671,Ardath,Maffioni,amaffioniim@typepad.com,Female,18
672,Esra,Solan,esolanin@tumblr.com,Male,274
673,Willow,Goldine,wgoldineio@foxnews.com,Female,363
674,Marlin,Hain,mhainip@icq.com,Male,508
675,Cornie,Croson,ccrosoniq@epa.gov,Bigender,105
676,Roberta,Gulliver,rgulliverir@sogou.com,Female,165
677,Moise,Belch,mbelchis@wufoo.com,Male,14
678,Randall,Logg,rloggit@webnode.com,Male,373
679,Dedie,Pena,dpenaiu@paginegialle.it,Female,61
680,Rollo,Pezey,rpezeyiv@oakley.com,Male,533
681,Nick,Haslam,nhaslamiw@simplemachines.org,Male,242
682,Dayna,Southerton,dsouthertonix@sphinn.com,Female,184
683,Lotte,Abotson,labotsoniy@cnbc.com,Agender,267
684,Moselle,Callum,mcallumiz@vinaora.com,Female,256
685,Enos,Woodley,ewoodleyj0@ebay.co.uk,Male,503
686,Waldon,Auton,wautonj1@miitbeian.gov.cn,Male,329
687,Tadeo,McCarrell,tmccarrellj2@google.it,Male,465
688,Tibold,Tollow,ttollowj3@purevolume.com,Male,500
689,Annora,Smeal,asmealj4@comsenz.com,Female,221
690,Barbara,Gilvary,bgilvaryj5@senate.gov,Female,482
691,Stormie,Pickervance,spickervancej6@booking.com,Female,254
692,Chiarra,Bolsover,cbolsoverj7@prlog.org,Female,462
693,Catharina,Cudd,ccuddj8@msn.com,Female,196
694,Gertie,Merkle,gmerklej9@comcast.net,Female,511
695,Connor,Cavalier,ccavalierja@ox.ac.uk,Male,333
696,Teri,Heinemann,theinemannjb@dropbox.com,Female,250
697,Nicola,Outerbridge,nouterbridgejc@bizjournals.com,Male,299
698,Fredi,Lemanu,flemanujd@shareasale.com,Female,153
699,Thom,Zanicchelli,tzanicchellije@opensource.org,Non-binary,254
700,Seward,De Brett,sdebrettjf@pinterest.com,Male,531
701,Gussie,Pleming,gplemingjg@netlog.com,Female,449
702,Enrique,Trustrie,etrustriejh@fda.gov,Male,479
703,Uriel,Skipperbottom,uskipperbottomji@blog.com,Male,214
704,Maddie,Haddick,mhaddickjj@wisc.edu,Female,107
705,Kermie,Zaczek,kzaczekjk@paypal.com,Male,208
706,Ulberto,Eddisford,ueddisfordjl@wired.com,Male,322
707,Rolfe,Bathoe,rbathoejm@chronoengine.com,Agender,505
708,Clemmie,Murdoch,cmurdochjn@uiuc.edu,Male,574
709,Verene,Cluett,vcluettjo@cornell.edu,Genderqueer,126
710,Carlo,Oxburgh,coxburghjp@parallels.com,Male,67
711,Rafferty,Gronow,rgronowjq@comcast.net,Male,208
712,Traver,Girhard,tgirhardjr@salon.com,Genderqueer,187
713,Robin,McIlwrick,rmcilwrickjs@xing.com,Male,504
714,Frederik,Waadenburg,fwaadenburgjt@howstuffworks.com,Male,568
715,Fiorenze,Quye,fquyeju@howstuffworks.com,Polygender,486
716,Tudor,Kleinplac,tkleinplacjv@alibaba.com,Male,354
717,Latrina,Ryding,lrydingjw@google.co.jp,Female,563
718,Cleavland,Harding,chardingjx@un.org,Male,271
719,Rolph,Stuckow,rstuckowjy@discuz.net,Male,299
720,Braden,Laybourn,blaybournjz@sitemeter.com,Male,187
721,Sonja,Chinnock,schinnockk0@so-net.ne.jp,Female,319
722,Juieta,Howard - Gater,jhowardgaterk1@ca.gov,Female,407
723,Yulma,Drain,ydraink2@house.gov,Male,533
724,Gustaf,Paolicchi,gpaolicchik3@skyrock.com,Male,201
725,Hall,Delgardillo,hdelgardillok4@jigsy.com,Male,472
726,Gabriel,Vaune,gvaunek5@360.cn,Female,275
727,Jeane,Fawdrey,jfawdreyk6@scientificamerican.com,Female,409
728,Alanson,Brissard,abrissardk7@nytimes.com,Male,51
729,Garrek,Rait,graitk8@discovery.com,Polygender,48
730,Yasmeen,McIlwain,ymcilwaink9@gnu.org,Female,159
731,Lacie,Pairpoint,lpairpointka@bloglines.com,Female,526
732,Guido,Milington,gmilingtonkb@cafepress.com,Male,353
733,Kinna,Jiri,kjirikc@bloglines.com,Female,579
734,Codie,Rummins,crumminskd@fc2.com,Male,100
735,Nicoli,Sorbie,nsorbieke@rediff.com,Female,436
736,Belvia,Gritsaev,bgritsaevkf@miibeian.gov.cn,Female,481
737,Lexy,Skaife d'Ingerthorpe,lskaifedingerthorpekg@virginia.edu,Female,101
738,Willie,Gaffey,wgaffeykh@buzzfeed.com,Genderqueer,160
739,Gunner,MacKimm,gmackimmki@slideshare.net,Male,535
740,Joey,Shorbrook,jshorbrookkj@techcrunch.com,Female,272
741,Cord,Kieff,ckieffkk@admin.ch,Male,40
742,Marcy,Hallet,mhalletkl@blogtalkradio.com,Female,14
743,Rudolfo,Earley,rearleykm@phpbb.com,Male,497
744,Jasper,Petrillo,jpetrillokn@va.gov,Male,132
745,Muffin,Grigolashvill,mgrigolashvillko@facebook.com,Female,417
746,Rollins,MacCauley,rmaccauleykp@go.com,Male,344
747,Stacia,Donnachie,sdonnachiekq@mediafire.com,Agender,383
748,Ralph,Arnaudon,rarnaudonkr@yolasite.com,Bigender,556
749,Zita,Tireman,ztiremanks@psu.edu,Female,376
750,Jacki,Bault,jbaultkt@ucoz.ru,Female,555
751,Rufus,Stubbings,rstubbingsku@pcworld.com,Male,352
752,Alyce,Geraldi,ageraldikv@ezinearticles.com,Female,579
753,Maddie,Paulisch,mpaulischkw@bbc.co.uk,Female,232
754,Tymon,Biaggi,tbiaggikx@scientificamerican.com,Male,564
755,Chery,Frangleton,cfrangletonky@reddit.com,Female,483
756,Webb,Simonini,wsimoninikz@liveinternet.ru,Male,344
757,Chip,Wotherspoon,cwotherspoonl0@sourceforge.net,Male,496
758,Emmott,Goalby,egoalbyl1@exblog.jp,Male,436
759,Allis,De Filippis,adefilippisl2@dagondesign.com,Female,163
760,Franzen,Grzelak,fgrzelakl3@51.la,Male,453
761,Kristofer,Snuggs,ksnuggsl4@so-net.ne.jp,Male,154
762,Thea,Bloan,tbloanl5@photobucket.com,Non-binary,517
763,Daron,Allington,dallingtonl6@disqus.com,Female,36
764,Truda,Paslow,tpaslowl7@dell.com,Female,349
765,Ring,Mendez,rmendezl8@etsy.com,Male,248
766,Thomasin,Wookey,twookeyl9@who.int,Female,470
767,Gran,Van Giffen,gvangiffenla@buzzfeed.com,Male,439
768,Shantee,Janczewski,sjanczewskilb@cbsnews.com,Female,483
769,Junette,Fugere,jfugerelc@weather.com,Female,108
770,Conney,Camacho,ccamachold@umich.edu,Male,244
771,Jordanna,Hicken,jhickenle@printfriendly.com,Female,519
772,Maryanne,Blader,mbladerlf@wikimedia.org,Female,309
773,Remy,Bonnett,rbonnettlg@hc360.com,Female,120
774,Christian,Champkin,cchampkinlh@wp.com,Female,404
775,Zia,Scrogges,zscroggesli@fema.gov,Female,178
776,Rubina,Etchingham,retchinghamlj@hexun.com,Female,517
777,Muriel,Makiver,mmakiverlk@tripadvisor.com,Female,200
778,Bud,Keasley,bkeasleyll@globo.com,Male,450
779,Bradney,Bucham,bbuchamlm@skyrock.com,Male,469
780,Helaine,Palethorpe,hpalethorpeln@economist.com,Female,286
781,Vinita,Colegrove,vcolegrovelo@patch.com,Female,60
782,Nathanial,Coye,ncoyelp@omniture.com,Male,142
783,Yoko,Slessar,yslessarlq@jimdo.com,Female,63
784,Melesa,Monan,mmonanlr@shop-pro.jp,Female,185
785,Nara,Slatten,nslattenls@skyrock.com,Female,467
786,Bastian,Cicutto,bcicuttolt@ibm.com,Bigender,441
787,Seana,Joynt,sjoyntlu@networksolutions.com,Female,162
788,Orville,Binner,obinnerlv@uol.com.br,Male,333
789,Greggory,Darrigrand,gdarrigrandlw@godaddy.com,Male,508
790,Liva,Ferrey,lferreylx@trellian.com,Female,150
791,Marcie,Skitch,mskitchly@springer.com,Female,47
792,Faythe,Chaudrelle,fchaudrellelz@spiegel.de,Female,168
793,Beaufort,Oldcote,boldcotem0@techcrunch.com,Male,519
794,Jonathan,Heigho,jheighom1@narod.ru,Male,391
795,Jodee,McDavid,jmcdavidm2@army.mil,Female,324
796,Jo-ann,Bimrose,jbimrosem3@cargocollective.com,Female,71
797,Junette,Alforde,jalfordem4@statcounter.com,Female,20
798,Nicolas,Sowden,nsowdenm5@tumblr.com,Male,86
799,Gerta,Noads,gnoadsm6@dagondesign.com,Female,336
800,Maurie,Grundon,mgrundonm7@timesonline.co.uk,Male,155
801,Ramsey,Bonifazio,rbonifaziom8@usgs.gov,Male,507
802,Olly,Damp,odampm9@deliciousdays.com,Male,109
803,Lazare,Van der Hoeven,lvanderhoevenma@hostgator.com,Male,257
804,Germana,Adriaens,gadriaensmb@mozilla.org,Non-binary,223
805,Charmain,Tweed,ctweedmc@barnesandnoble.com,Female,487
806,Virgie,Dodwell,vdodwellmd@shop-pro.jp,Male,365
807,Tedd,Borrott,tborrottme@chronoengine.com,Male,30
808,Hilde,Sunman,hsunmanmf@unc.edu,Female,482
809,Vivyanne,Bisatt,vbisattmg@aboutads.info,Female,424
810,Myrwyn,Hartop,mhartopmh@dmoz.org,Male,483
811,Bogey,McKniely,bmcknielymi@tinyurl.com,Male,46
812,Mandie,Tankin,mtankinmj@ifeng.com,Female,33
813,Mason,Filintsev,mfilintsevmk@wsj.com,Male,55
814,Charlotte,Seely,cseelyml@canalblog.com,Female,161
815,Ginelle,Ashbee,gashbeemm@hud.gov,Female,117
816,Karil,Liepmann,kliepmannmn@topsy.com,Female,422
817,Kennett,Harme,kharmemo@ebay.com,Male,116
818,Aundrea,Yerby,ayerbymp@parallels.com,Female,488
819,Olive,Cristofano,ocristofanomq@yolasite.com,Female,161
820,Tomas,Eccles,tecclesmr@ameblo.jp,Male,579
821,Sandi,Grewer,sgrewerms@engadget.com,Female,486
822,Sandra,Jory,sjorymt@nbcnews.com,Female,410
823,Aharon,Stanyland,astanylandmu@answers.com,Male,31
824,Amara,Hedling,ahedlingmv@myspace.com,Genderqueer,146
825,Brunhilde,Skeates,bskeatesmw@usda.gov,Female,201
826,Phillipe,Charlin,pcharlinmx@timesonline.co.uk,Male,552
827,Kahlil,Norris,knorrismy@paypal.com,Male,417
828,Cacilia,Woodburne,cwoodburnemz@msn.com,Female,291
829,Tobin,Prestie,tprestien0@biblegateway.com,Male,138
830,Livia,Kowalski,lkowalskin1@blinklist.com,Female,44
831,Tiffi,Skingley,tskingleyn2@scientificamerican.com,Female,332
832,Eryn,Verey,evereyn3@fc2.com,Female,301
833,Raimund,Ghiraldi,rghiraldin4@webnode.com,Male,234
834,Catlee,Heale,chealen5@naver.com,Female,491
835,Abigale,Caller,acallern6@usnews.com,Female,158
836,Frasco,Janning,fjanningn7@dedecms.com,Male,92
837,Saxon,Davies,sdaviesn8@time.com,Male,284
838,Natalie,Joselevitch,njoselevitchn9@dion.ne.jp,Female,372
839,Carlita,Burgis,cburgisna@privacy.gov.au,Female,250
840,Althea,Sellack,asellacknb@wix.com,Female,541
841,Hanson,Whitehouse,hwhitehousenc@loc.gov,Male,395
842,Zuzana,Roussell,zroussellnd@ed.gov,Female,453
843,Morna,Volonte,mvolontene@wisc.edu,Female,34
844,Ester,de Chastelain,edechastelainnf@studiopress.com,Female,142
845,James,Speke,jspekeng@ted.com,Male,350
846,Elizabet,Scrowton,escrowtonnh@theatlantic.com,Female,179
847,Porter,Tumpane,ptumpaneni@dedecms.com,Male,78
848,Miriam,Lamers,mlamersnj@hao123.com,Female,83
849,Devin,Skepper,dskeppernk@google.co.jp,Male,284
850,Blakelee,Bowmaker,bbowmakernl@de.vu,Female,110
851,Sadella,McDugal,smcdugalnm@cafepress.com,Genderfluid,510
852,Darcy,Bluett,dbluettnn@nydailynews.com,Male,333
853,Meredith,Cuffley,mcuffleyno@un.org,Female,550
854,Truda,Starr,tstarrnp@blogtalkradio.com,Female,418
855,Fina,Fricker,ffrickernq@tripadvisor.com,Female,342
856,Marcela,Kampshell,mkampshellnr@squidoo.com,Female,488
857,Rolf,Garwell,rgarwellns@paypal.com,Male,259
858,Adrien,McGeown,amcgeownnt@weibo.com,Agender,499
859,Bonnee,Bahls,bbahlsnu@topsy.com,Polygender,387
860,Dyann,Piche,dpichenv@miibeian.gov.cn,Female,467
861,Hymie,Attyeo,hattyeonw@scientificamerican.com,Male,482
862,Terry,Gowland,tgowlandnx@hostgator.com,Male,335
863,Sandie,Gaitung,sgaitungny@independent.co.uk,Female,194
864,Hashim,Tabbitt,htabbittnz@apple.com,Male,304
865,Jeana,Fiske,jfiskeo0@yale.edu,Female,459
866,Virgie,Gamell,vgamello1@jimdo.com,Female,40
867,Agnes,Alasdair,aalasdairo2@army.mil,Female,157
868,Gilbertine,Tremlett,gtremletto3@npr.org,Female,444
869,Lucita,Kapiloff,lkapiloffo4@cnbc.com,Female,354
870,Berny,Rosenbaum,brosenbaumo5@networksolutions.com,Female,385
871,Kinna,Gildersleeve,kgildersleeveo6@youtube.com,Bigender,25
872,Alikee,Lea,aleao7@spiegel.de,Female,353
873,Roxine,Farnall,rfarnallo8@wikia.com,Female,27
874,Barclay,Gate,bgateo9@whitehouse.gov,Male,93
875,Wanda,Pitcaithly,wpitcaithlyoa@amazonaws.com,Female,448
876,Oren,Maddrah,omaddrahob@creativecommons.org,Male,178
877,Gardie,Coffelt,gcoffeltoc@timesonline.co.uk,Male,400
878,Angelica,Thebeaud,athebeaudod@businessweek.com,Female,112
879,Caleb,Beininck,cbeininckoe@google.fr,Male,118
880,Abeu,Bonus,abonusof@hostgator.com,Male,315
881,Alli,Innot,ainnotog@reference.com,Female,235
882,Ravid,Ragg,rraggoh@phpbb.com,Male,208
883,Desdemona,Winsiowiecki,dwinsiowieckioi@privacy.gov.au,Female,118
884,Forrester,Leggis,fleggisoj@prnewswire.com,Male,219
885,Dill,Haughey,dhaugheyok@upenn.edu,Male,382
886,Dame,Shaxby,dshaxbyol@meetup.com,Male,30
887,Edouard,Mechell,emechellom@amazon.com,Genderfluid,1
888,Rory,Ianni,riannion@ifeng.com,Male,498
889,Hieronymus,Lloyd-Williams,hlloydwilliamsoo@redcross.org,Male,35
890,Rourke,Obern,robernop@jiathis.com,Male,571
891,Rocky,Speck,rspeckoq@smh.com.au,Male,219
892,Leeland,Ryding,lrydingor@delicious.com,Male,274
893,Mycah,Perrott,mperrottos@macromedia.com,Male,147
894,Sammy,Doree,sdoreeot@wikia.com,Male,395
895,Wyn,Messenger,wmessengerou@canalblog.com,Male,40
896,Codee,Scogings,cscogingsov@youtube.com,Female,235
897,Emile,Jennions,ejennionsow@mail.ru,Male,511
898,Lonny,Grose,lgroseox@taobao.com,Male,204
899,Davin,Tebboth,dtebbothoy@dedecms.com,Male,212
900,Kenton,Lampens,klampensoz@w3.org,Male,358
901,Violante,Grenfell,vgrenfellp0@businessinsider.com,Female,493
902,Nina,Trawin,ntrawinp1@oakley.com,Female,316
903,Althea,Jouannot,ajouannotp2@phpbb.com,Female,491
904,Tracy,Erat,teratp3@home.pl,Female,240
905,Nicolis,Beacom,nbeacomp4@japanpost.jp,Male,31
906,Christie,Jouhan,cjouhanp5@fc2.com,Male,534
907,Dollie,Jewis,djewisp6@opensource.org,Female,305
908,Kissie,Flescher,kflescherp7@newyorker.com,Female,143
909,Carlos,McHarry,cmcharryp8@scribd.com,Male,75
910,Lanny,Rouke,lroukep9@feedburner.com,Male,464
911,Christian,Depport,cdepportpa@netlog.com,Female,371
912,Weston,MacMurray,wmacmurraypb@nymag.com,Male,345
913,Carol,Bernli,cbernlipc@wiley.com,Female,13
914,Bret,Whittington,bwhittingtonpd@hhs.gov,Male,181
915,Selia,Cosh,scoshpe@flavors.me,Bigender,502
916,Nikolai,Kershow,nkershowpf@sun.com,Male,114
917,Juline,Cordingley,jcordingleypg@bandcamp.com,Female,305
918,Mitzi,O'Bradain,mobradainph@wiley.com,Female,49
919,Gray,Yelding,gyeldingpi@exblog.jp,Male,384
920,Dulcy,Rooson,droosonpj@ucsd.edu,Female,103
921,Anthe,MacEveley,amaceveleypk@wisc.edu,Polygender,354
922,Chancey,Atcheson,catchesonpl@fastcompany.com,Male,71
923,Loydie,de Aguirre,ldeaguirrepm@narod.ru,Male,234
924,Harley,Murrells,hmurrellspn@blogs.com,Female,142
925,Nanette,Whipple,nwhipplepo@yale.edu,Female,87
926,Catherin,Rebanks,crebankspp@is.gd,Female,532
927,Valentin,McCrackan,vmccrackanpq@unc.edu,Male,507
928,Stanford,Skeech,sskeechpr@wikia.com,Male,173
929,Ashley,Debrick,adebrickps@w3.org,Male,526
930,Nobe,Ragate,nragatept@phpbb.com,Male,400
931,Timofei,Egdale,tegdalepu@ca.gov,Male,194
932,Reece,Fernant,rfernantpv@ow.ly,Male,534
933,Nevil,Roggero,nroggeropw@apple.com,Male,552
934,Malynda,Lampet,mlampetpx@accuweather.com,Female,39
935,Rickard,Bowers,rbowerspy@technorati.com,Male,464
936,Betty,Lineham,blinehampz@github.com,Female,561
937,Maddalena,Peachman,mpeachmanq0@army.mil,Female,440
938,Cristobal,Pitceathly,cpitceathlyq1@wisc.edu,Male,217
939,Meredith,Linnitt,mlinnittq2@mozilla.com,Male,486
940,Free,Delong,fdelongq3@newsvine.com,Male,572
941,Wat,Eary,wearyq4@goo.gl,Male,534
942,Augusta,Evason,aevasonq5@jiathis.com,Female,447
943,Dottie,Druce,ddruceq6@posterous.com,Agender,262
944,Teresa,Petruk,tpetrukq7@seattletimes.com,Female,1
945,Arlina,Stirrip,astirripq8@reuters.com,Female,430
946,Jeromy,Currer,jcurrerq9@yale.edu,Male,197
947,Garrett,Callister,gcallisterqa@phpbb.com,Male,11
948,Orlan,Thow,othowqb@usnews.com,Male,573
949,Kingsley,Jacobovitz,kjacobovitzqc@ftc.gov,Male,387
950,Conny,Branni,cbranniqd@apache.org,Female,130
951,Rand,Rapson,rrapsonqe@harvard.edu,Male,318
952,Douglas,Spellar,dspellarqf@boston.com,Male,238
953,Nathanael,Whyborne,nwhyborneqg@epa.gov,Male,166
954,Henri,Borrie,hborrieqh@elpais.com,Male,166
955,Brett,Laurentino,blaurentinoqi@jalbum.net,Male,554
956,Brandon,Berrey,bberreyqj@phoca.cz,Male,350
957,Nolan,Trent,ntrentqk@imdb.com,Male,16
958,Margo,Matas,mmatasql@alibaba.com,Female,163
959,Guillermo,L'Amie,glamieqm@github.com,Male,66
960,Yettie,Gainseford,ygainsefordqn@hhs.gov,Female,407
961,Caesar,Lurner,clurnerqo@unblog.fr,Male,147
962,Kati,Yokley,kyokleyqp@goodreads.com,Female,3
963,Gayelord,Bayley,gbayleyqq@gov.uk,Male,125
964,Meier,Fantini,mfantiniqr@meetup.com,Male,404
965,Kiah,Lampkin,klampkinqs@ftc.gov,Female,409
966,Camilla,Astall,castallqt@naver.com,Female,412
967,Donny,Deporte,ddeportequ@furl.net,Male,230
968,Gabbie,Wolfe,gwolfeqv@bloglines.com,Male,489
969,Eben,Ketchell,eketchellqw@usnews.com,Male,465
970,Chaunce,Garz,cgarzqx@issuu.com,Male,235
971,Cornie,Clifforth,cclifforthqy@dailymail.co.uk,Female,505
972,Benjamen,Telling,btellingqz@columbia.edu,Male,61
973,Chaunce,Pettersen,cpettersenr0@posterous.com,Male,296
974,Velma,Ginner,vginnerr1@so-net.ne.jp,Female,488
975,Janenna,Mant,jmantr2@twitpic.com,Female,445
976,Grayce,Avrahamian,gavrahamianr3@nature.com,Female,16
977,Estelle,Queree,equereer4@exblog.jp,Female,409
978,Jolynn,McOmish,jmcomishr5@buzzfeed.com,Female,401
979,Binni,Mayzes,bmayzesr6@adobe.com,Female,258
980,Job,Kubasek,jkubasekr7@nature.com,Male,112
981,Noam,Chastenet,nchastenetr8@comcast.net,Male,230
982,Rorie,Lesslie,rlesslier9@123-reg.co.uk,Genderfluid,564
983,Saudra,Treadgear,streadgearra@youku.com,Female,311
984,Sharla,Diggar,sdiggarrb@prnewswire.com,Female,24
985,Zach,Langlands,zlanglandsrc@techcrunch.com,Male,352
986,Henderson,Nelson,hnelsonrd@amazon.com,Male,193
987,Kaylil,Kohrding,kkohrdingre@ca.gov,Female,286
988,Granville,Matuskiewicz,gmatuskiewiczrf@apache.org,Male,448
989,Walden,Beaze,wbeazerg@chronoengine.com,Male,519
990,Juliette,Dmtrovic,jdmtrovicrh@yolasite.com,Female,536
991,Ewart,Satcher,esatcherri@engadget.com,Male,534
992,Finlay,Durram,fdurramrj@acquirethisname.com,Male,374
993,Eadie,Amis,eamisrk@123-reg.co.uk,Female,135
994,Nikki,Isac,nisacrl@naver.com,Bigender,242
995,Worthington,Pimlett,wpimlettrm@nationalgeographic.com,Male,220
996,Abran,Ewers,aewersrn@oakley.com,Male,54
997,Faye,Bestiman,fbestimanro@shutterfly.com,Female,321
998,Jon,Jellico,jjellicorp@apache.org,Male,361
999,Berget,Clymo,bclymorq@hubpages.com,Female,86
1000,Devonna,Bold,dboldrr@pen.io,Female,133
